sequences,serotype,outcome,outcome_bin
"['AUG', 'CUG', 'AAA', 'CGC', 'GCG', 'AGA', 'AAC', 'CGU', 'GUG', 'UCA', 'ACU', 'GGA', 'UCA', 'CAG', 'UUG', 'GCG', 'AAG', 'AGA', 'UUC', 'UCA', 'AGA', 'GGA', 'UUG', 'CUG', 'AAC', 'GGC', 'CAA', 'GGA', 'CCA', 'AUG', 'AAA', 'UUG', 'GUU', 'AUG', 'GCG', 'UUU', 'AUA', 'GCU', 'UUC', 'CUC', 'AGA', 'UUU', 'CUA', 'GCC', 'AUU', 'CCA', 'CCG', 'ACA', 'GCA', 'GGA', 'AUC', 'UUG', 'GCU', 'AGA', 'UGG', 'GGU', 'ACC', 'UUU', 'AAG', 'AAG', 'UCG', 'GGG', 'GCU', 'AUU', 'AAG', 'GUU', 'UUA', 'AAA', 'GGC', 'UUC', 'AAG', 'AAG', 'GAG', 'AUC', 'UCA', 'AAC', 'AUG', 'CUG', 'AGC', 'AUU', 'AUC', 'AAC', 'AAA', 'CGG', 'AAA', 'AAG', 'ACA', 'UCG', 'CUC', 'UGU', 'CUC', 'AUG', 'AUG', 'AUG', 'UUA', 'CCA', 'GCA', 'ACA', 'CUU', 'GCU']",3,Classica,Classica
"['UCU', 'AUC', 'AAU', 'AUG', 'CUG', 'AAA', 'CGC', 'GUG', 'AGA', 'AAC', 'CGU', 'GUG', 'UCA', 'ACU', 'GGA', 'UCA', 'CAG', 'UUG', 'GCG', 'AAG', 'AGA', 'UUC', 'UCA', 'AAG', 'GGA', 'CUG', 'CUG', 'AAC', 'GGC', 'CAG', 'GGA', 'CCA', 'AUG', 'AAA', 'UUG', 'GUU', 'AUG', 'GCG', 'UUC', 'AUA', 'GCU', 'UUC', 'CUC', 'AGA', 'UUU', 'CUA', 'GCC', 'AUU', 'CCA', 'CCA', 'ACA', 'GCA', 'GGA', 'GUC', 'UUG', 'GCU', 'AGA', 'UGG', 'GGA', 'ACC', 'UUC', 'AAG', 'AAG', 'UCG', 'GGG', 'GCC', 'AUU', 'AAG', 'GUC', 'CUG', 'AAA', 'GGC', 'UUC', 'AAG', 'AAG', 'GAG', 'AUC', 'UCA', 'AAC', 'AUG', 'CUG', 'AGC', 'AUA', 'AUC', 'AAC', 'AAA', 'CGG', 'AAA', 'AAG', 'ACA', 'UCG', 'CUC', 'UGU', 'CUC', 'AUG', 'AUG', 'AUA', 'UUG', 'CCA', 'GCA', 'GCA', 'CUU', 'GCU']",3,Classica,Classica
"['UCU', 'AUC', 'AAU', 'AUG', 'CUG', 'AAA', 'CGC', 'GUG', 'AGA', 'AAC', 'CGU', 'GUG', 'UCA', 'ACU', 'GGA', 'UCA', 'CAG', 'UUG', 'GCG', 'AAG', 'AGA', 'UUC', 'UCA', 'AGA', 'GGA', 'CUG', 'CUG', 'AAU', 'GGC', 'CAA', 'GGA', 'CCA', 'AUG', 'AAA', 'UUG', 'GUU', 'AUG', 'GCG', 'UUC', 'AUA', 'GCU', 'UUC', 'CUC', 'AGA', 'UUU', 'CUA', 'GCC', 'AUU', 'CCA', 'CCG', 'ACA', 'GCG', 'GGA', 'AUC', 'UUG', 'GCU', 'AGA', 'UGG', 'GGA', 'ACC', 'UUC', 'AAG', 'AAG', 'UCG', 'GGG', 'GCU', 'AUU', 'AAG', 'GUC', 'CUG', 'AGA', 'GGC', 'UUC', 'AAA', 'AAG', 'GAG', 'AUC', 'UCA', 'AAU', 'AUG', 'CUG', 'AGC', 'AUU', 'AUC', 'AAC', 'AGA', 'CGG', 'AAA', 'AAG', 'ACA', 'UCG', 'CUC', 'UGU', 'CUC', 'AUG', 'AUG', 'AUG', 'UUA', 'CCA', 'GCA', 'ACA', 'CUU', 'GCU']",3,Classica,Classica
"['AUG', 'AAA', 'AAC', 'CAA', 'CGG', 'AAG', 'AAG', 'ACG', 'GGA', 'AAA', 'CCG', 'UCU', 'AUC', 'AAU', 'AUG', 'CUG', 'AAA', 'CGC', 'GUG', 'AGA', 'AAC', 'CGU', 'GUG', 'UCA', 'ACU', 'GGA', 'UCA', 'CAG', 'UUG', 'GCG', 'AAG', 'AGA', 'UUC', 'UCA', 'AAA', 'GGA', 'CUG', 'CUG', 'AAC', 'GGC', 'CAG', 'GGA', 'CCA', 'AUG', 'AAA', 'UUG', 'GUU', 'AUG', 'GCG', 'UUC', 'AUA', 'GCU', 'UUC', 'CUC', 'AGA', 'UUU', 'CUA', 'GCC', 'AUU', 'CCA', 'CCA', 'ACA', 'GCA', 'GGA', 'GUC', 'UUG', 'GCU', 'AGA', 'UGG', 'GGA', 'ACC', 'UUC', 'AAG', 'AAG', 'UCG', 'GGG', 'GCC', 'AUU', 'AAG', 'GUC', 'CUG', 'AAA', 'GGC', 'UUC', 'AAG', 'AAG', 'GAG', 'AUC', 'UCA', 'AAC', 'AUG', 'CUG', 'AGC', 'AUA', 'AUC', 'AAC', 'AAA', 'CGG', 'AAA', 'AAG', 'ACA', 'UCG', 'CUC', 'UGU', 'CUC', 'AUG', 'AUG', 'AUA', 'UUG', 'CCA', 'GCA', 'GCA', 'CUU', 'GCU']",3,Classica,Classica
"['AUG', 'AAC', 'AAC', 'CAA', 'CGA', 'AAA', 'AAG', 'ACG', 'GGA', 'AAA', 'CCG', 'UCU', 'AUC', 'AAU', 'AUG', 'CUG', 'AAA', 'CGC', 'GUG', 'AGA', 'AAC', 'CGU', 'GUG', 'UCA', 'ACU', 'GGA', 'ACA', 'CAG', 'UUG', 'GCG', 'AAG', 'AGA', 'UUC', 'UCA', 'AGA', 'GGA', 'UUG', 'CUG', 'AAC', 'GGC', 'CAA', 'GGA', 'CCA', 'AUG', 'AAA', 'UUG', 'GUU', 'AUG', 'GCG', 'UUC', 'AUA', 'GCU', 'UUC', 'CUC', 'AGA', 'UUU', 'CUA', 'GCC', 'AUU', 'CCA', 'CCA', 'ACA', 'GCA', 'GGA', 'GUC', 'UUG', 'GCU', 'AGA', 'UGG', 'GGA', 'ACC', 'UUC', 'AAG', 'AAG', 'UCA', 'GGG', 'GCU', 'AUU', 'AAG', 'GUC', 'CUA', 'AAA', 'GGC', 'UUC', 'AAG', 'AAG', 'GAG', 'AUU', 'UCA', 'AAC', 'AUG', 'CUG', 'AGC', 'AUU', 'AUC', 'AAC', 'AAA', 'AGG', 'AAA', 'AAG', 'GCA', 'UCG', 'CUC', 'UGU', 'CUC', 'AUG', 'AUG', 'AUG', 'UUA', 'CCA', 'GCA', 'ACA', 'CUU', 'GCU']",3,Severa,Severa
"['AUG', 'AAC', 'AAC', 'CAA', 'CGA', 'AAA', 'AAG', 'ACG', 'GGA', 'AAA', 'CCG', 'UCU', 'AUC', 'AAU', 'AUG', 'CUG', 'AAA', 'CGC', 'GUG', 'AGA', 'AAC', 'CGU', 'GUG', 'UCA', 'ACU', 'GGA', 'ACA', 'CAG', 'UUG', 'GCG', 'AAG', 'AGA', 'UUC', 'UCA', 'AGA', 'GGA', 'UUG', 'CUG', 'AAC', 'GGC', 'CAA', 'GGA', 'CCA', 'AUG', 'AAA', 'UUG', 'GUU', 'AUG', 'GCG', 'UUC', 'AUA', 'GCU', 'UUC', 'CUC', 'AGA', 'UUU', 'CUA', 'GCC', 'AUU', 'CCA', 'CCA', 'ACA', 'GCA', 'GGA', 'GUC', 'UUG', 'GCU', 'AGA', 'UGG', 'GGA', 'ACC', 'UUC', 'AAG', 'AAG', 'UCA', 'GGG', 'GCU', 'AUU', 'AAG', 'GUC', 'CUA', 'AAA', 'GGC', 'UUC', 'AAG', 'AAG', 'GAG', 'AUU', 'UCA', 'AAC', 'AUG', 'CUG', 'AGU', 'AUU', 'AUC', 'AAC', 'AAA', 'AGG', 'AAA', 'AAG', 'ACA', 'UCG', 'CUC', 'UGU', 'CUC', 'AUG', 'AUG', 'AUG', 'UUA', 'CCA', 'GCA', 'ACA', 'CUU', 'GCU']",3,Severa,Severa
"['AUG', 'AAC', 'AAC', 'CAA', 'CGA', 'AAA', 'AAG', 'ACG', 'GGA', 'AAA', 'CCG', 'UCU', 'AUC', 'AAU', 'AUG', 'CUG', 'AAA', 'CGC', 'GUG', 'AGA', 'AAC', 'CGU', 'GUG', 'UCA', 'ACU', 'GGA', 'UCA', 'CAG', 'UUG', 'GCG', 'AAG', 'AGA', 'UUC', 'UCA', 'AGA', 'GGA', 'UUG', 'CUG', 'AAC', 'GGC', 'CAA', 'GGA', 'CCA', 'AUG', 'AAA', 'UUG', 'GUU', 'AUG', 'GCG', 'UUC', 'AUA', 'GCU', 'UUC', 'CUC', 'AGA', 'UUU', 'CUA', 'GCC', 'AUU', 'CCA', 'CCA', 'ACA', 'GCA', 'GGA', 'GUC', 'UUG', 'GCU', 'AGA', 'UGG', 'GGA', 'ACC', 'UUC', 'AAG', 'AAG', 'UCA', 'GGG', 'GCU', 'AUU', 'AAG', 'GUC', 'CUA', 'AAA', 'GGC', 'UUC', 'AAG', 'AAG', 'GAG', 'AUU', 'UCA', 'AAC', 'AUG', 'CUG', 'AGC', 'AUU', 'AUC', 'AAC', 'AAA', 'AGG', 'AAA', 'AAG', 'ACA', 'UCG', 'CUC', 'UGU', 'CUC', 'AUG', 'AUG', 'AUG', 'UUA', 'CCA', 'GCA', 'ACA', 'CUU', 'GCU']",3,Classica,Classica
"['AUG', 'AAC', 'AAC', 'CAA', 'CGA', 'AAA', 'AAG', 'ACG', 'GGA', 'AAA', 'CCG', 'UCU', 'AUC', 'AAU', 'AUG', 'CUG', 'AAA', 'CGC', 'GUG', 'AGA', 'AAC', 'CGU', 'GUG', 'UCA', 'ACU', 'GGA', 'UCA', 'CAG', 'UUG', 'GCG', 'AAG', 'AGA', 'UUC', 'UCA', 'AGA', 'GGA', 'UUG', 'CUG', 'AAC', 'GGC', 'CAA', 'GGA', 'CCA', 'AUG', 'AGA', 'UUG', 'GUU', 'AUG', 'GCA', 'UUC', 'AUA', 'GCU', 'UUC', 'CUC', 'AGA', 'UUU', 'CUA', 'GCC', 'AUC', 'CCA', 'CCA', 'ACA', 'GCA', 'GGA', 'GUU', 'UUG', 'GCU', 'AGA', 'UGG', 'GGA', 'ACC', 'UUC', 'AAG', 'AAG', 'UCA', 'GGG', 'GCU', 'AUU', 'AAG', 'GUC', 'CUA', 'AAA', 'GGC', 'UUC', 'AAG', 'AAG', 'GAG', 'AUU', 'UCA', 'AAC', 'AUG', 'CUG', 'AGC', 'AUU', 'AUC', 'AAC', 'AAA', 'AGG', 'AAA', 'AAG', 'ACA', 'UCG', 'CUC', 'UGU', 'CUC', 'AUG', 'AUG', 'AUG', 'UUA', 'CCA', 'GCA', 'ACA', 'CUU', 'GCU']",3,Classica,Classica
"['AUG', 'AAC', 'AAC', 'CAA', 'CGG', 'AAA', 'AAG', 'ACG', 'GGA', 'AAA', 'CCG', 'UCU', 'AUC', 'AAU', 'AUG', 'CUG', 'AAA', 'CGC', 'GUG', 'AGA', 'AAC', 'CGU', 'GUG', 'UCA', 'ACU', 'GGA', 'UCA', 'CAG', 'UUG', 'GCG', 'AAG', 'AGA', 'UUC', 'UCA', 'AGA', 'GGA', 'UUA', 'CUG', 'AAC', 'GGC', 'CAA', 'GGA', 'CCA', 'AUG', 'AAA', 'UUG', 'GUU', 'AUG', 'GCG', 'UUC', 'AUA', 'GCU', 'UUC', 'CUC', 'AGA', 'UUU', 'CUA', 'GCC', 'AUU', 'CCA', 'CCG', 'ACA', 'GCG', 'GGA', 'AUC', 'UUG', 'GCU', 'AGA', 'UGG', 'GGA', 'ACU', 'UUC', 'AAG', 'AAG', 'UCG', 'GGG', 'GCC', 'AUU', 'AAG', 'GUC', 'CUG', 'AGA', 'GGC', 'UUC', 'AAG', 'AAG', 'GAG', 'AUC', 'UCA', 'AAU', 'AUG', 'CUG', 'AGC', 'AUU', 'AUC', 'AAC', 'AGA', 'CGG', 'AAA', 'AAG', 'ACA', 'UCG', 'CUC', 'UGU', 'CUC', 'AUG', 'AUG', 'AUG', 'UUA', 'CCA', 'GCA', 'ACA', 'CUU', 'GCU']",3,Severa,Severa
"['AUG', 'AAC', 'AAC', 'CAA', 'CGG', 'AAA', 'AAG', 'ACG', 'GGA', 'AAA', 'CCG', 'UCU', 'AUC', 'AAU', 'AUG', 'CUG', 'AAA', 'CGC', 'GUG', 'AGA', 'AAC', 'CGU', 'GUG', 'UCA', 'ACU', 'GGA', 'UCA', 'CAG', 'UUG', 'GCG', 'AAG', 'AGA', 'UUC', 'UCA', 'AGA', 'GGA', 'UUG', 'CUG', 'AAC', 'GGC', 'CAA', 'GGA', 'CCA', 'AUG', 'AAA', 'UUG', 'GUC', 'AUG', 'GCG', 'UUC', 'AUA', 'GCU', 'UUC', 'CUC', 'AGA', 'UUU', 'CUA', 'GCC', 'AUC', 'CCA', 'CCG', 'ACA', 'GCA', 'GGA', 'GUC', 'UUG', 'GCU', 'AGA', 'UGG', 'GGA', 'ACC', 'UUU', 'AAG', 'AAG', 'UCG', 'GGG', 'GCC', 'AUU', 'AAG', 'GUC', 'CUG', 'AGA', 'GGC', 'UUC', 'AAG', 'AAG', 'GAG', 'AUC', 'UCA', 'AAC', 'AUG', 'CUG', 'AGC', 'AUU', 'AUC', 'AAC', 'AGA', 'CGG', 'AAA', 'AAG', 'ACA', 'UCG', 'CUC', 'UGU', 'CUC', 'AUG', 'AUG', 'AUG', 'UUA', 'CCA', 'GCA', 'ACA', 'CUU', 'GCU']",3,Severa,Severa
"['AUG', 'AAC', 'AAC', 'CAA', 'CGG', 'AAA', 'AAG', 'ACG', 'GGA', 'AAA', 'CCG', 'UCU', 'AUC', 'AAU', 'AUG', 'CUG', 'AAA', 'CGC', 'GUG', 'AGA', 'AAC', 'CGU', 'GUG', 'UCA', 'ACU', 'GGA', 'UCA', 'CAG', 'UUG', 'GCG', 'AAG', 'AGA', 'UUC', 'UCA', 'AGA', 'GGA', 'UUG', 'CUG', 'AAC', 'GGC', 'CAA', 'GGA', 'CCA', 'AUG', 'AAA', 'UUG', 'GUU', 'AUG', 'GCG', 'UUC', 'AUA', 'GCU', 'UUC', 'CUC', 'AGA', 'UUU', 'CUA', 'GCC', 'AUU', 'CCA', 'CCG', 'ACA', 'GCA', 'GGA', 'GUC', 'UUG', 'GCU', 'AGA', 'UGG', 'GGU', 'ACC', 'UUC', 'AAG', 'AAG', 'UCG', 'GGG', 'GCU', 'AUU', 'AGG', 'GUC', 'CUG', 'AGA', 'GGC', 'UUC', 'AAG', 'AAG', 'GAG', 'AUC', 'UCA', 'AAC', 'AUG', 'CUG', 'AGC', 'AUC', 'AUC', 'AAC', 'AGA', 'CGG', 'AAA', 'AAG', 'ACA', 'UCG', 'AUC', 'UGU', 'CUC', 'AUG', 'AUG', 'AUG', 'UUA', 'CCA', 'GCA', 'ACA', 'CUU', 'GCC']",3,Classica,Classica
"['AUG', 'AAC', 'AAC', 'CAA', 'CGG', 'AAA', 'AAG', 'ACG', 'GGA', 'AAA', 'CCG', 'UCU', 'AUC', 'AAU', 'AUG', 'CUG', 'AAA', 'CGC', 'GUG', 'AGA', 'AAC', 'CGU', 'GUG', 'UCA', 'ACU', 'GGA', 'UCA', 'CAG', 'UUG', 'GCG', 'AAG', 'AGA', 'UUC', 'UCA', 'AGA', 'GGA', 'UUG', 'CUG', 'AAC', 'GGC', 'CAA', 'GGA', 'CCA', 'AUG', 'AAA', 'UUG', 'GUU', 'AUG', 'GCG', 'UUC', 'AUA', 'GCU', 'UUC', 'CUC', 'AGA', 'UUU', 'CUA', 'GCC', 'AUU', 'CCA', 'CCG', 'ACA', 'GCG', 'GGA', 'AUC', 'UUG', 'GCU', 'AGA', 'UGG', 'GGA', 'ACC', 'UUC', 'AAG', 'AAG', 'UCG', 'GGG', 'GCC', 'AUU', 'AAG', 'GUC', 'CUG', 'AGA', 'GGC', 'UUC', 'AAG', 'AAG', 'GAG', 'AUC', 'UCA', 'AAU', 'AUG', 'CUG', 'AGC', 'AUU', 'AUC', 'AAC', 'AGA', 'CGG', 'AAA', 'AAG', 'ACA', 'UCG', 'CUC', 'UGU', 'CUC', 'AUG', 'AUG', 'AUA', 'UUA', 'CCA', 'GCA', 'ACA', 'CUU', 'GCU']",3,Classica,Classica
"['AUG', 'AAC', 'AAC', 'CAA', 'CGG', 'AAA', 'AAG', 'ACG', 'GGA', 'AAA', 'CCG', 'UCU', 'AUC', 'AAU', 'AUG', 'CUG', 'AAA', 'CGC', 'GUG', 'AGA', 'AAC', 'CGU', 'GUG', 'UCA', 'ACU', 'GGA', 'UCA', 'CAG', 'UUG', 'GCG', 'AAG', 'AGA', 'UUC', 'UCA', 'AGA', 'GGA', 'UUG', 'CUG', 'AAU', 'GGC', 'CAA', 'GGA', 'CCA', 'AUG', 'AAA', 'UUG', 'GUU', 'AUG', 'GCG', 'UUC', 'AUA', 'GCU', 'UUC', 'CUC', 'AGA', 'UUU', 'AUA', 'GCC', 'AUU', 'CCA', 'CCG', 'ACA', 'GCG', 'GGA', 'AUC', 'UUG', 'GCU', 'AGA', 'UGG', 'GGA', 'ACC', 'UUC', 'AAG', 'AAG', 'UCG', 'GGG', 'GCU', 'AUU', 'AAG', 'GUC', 'CUG', 'AGA', 'GGC', 'UUC', 'AAG', 'AAG', 'GAG', 'AUC', 'UCA', 'AAU', 'AUG', 'CUG', 'AGC', 'AUU', 'AUC', 'AAC', 'AGA', 'CGG', 'AAA', 'AAG', 'ACA', 'UCG', 'CUC', 'UGU', 'CUC', 'AUG', 'AUG', 'AUG', 'UUA', 'CCA', 'GCA', 'ACA', 'CUU', 'GCU']",3,Severa,Severa
"['AUG', 'AAC', 'AAC', 'CAA', 'CGG', 'AAA', 'AAG', 'ACG', 'GGA', 'AAA', 'CCG', 'UCU', 'AUC', 'AAU', 'AUG', 'CUG', 'AAA', 'CGC', 'GUG', 'AGA', 'AAC', 'CGU', 'GUG', 'UCA', 'ACU', 'GGA', 'UCA', 'CAG', 'UUG', 'GCG', 'AAG', 'AGA', 'UUC', 'UCA', 'AGA', 'GGA', 'UUG', 'CUG', 'AAU', 'GGC', 'CAA', 'GGA', 'CCA', 'AUG', 'AAA', 'UUG', 'GUU', 'AUG', 'GCG', 'UUC', 'AUA', 'GCU', 'UUC', 'CUC', 'AGA', 'UUU', 'CUA', 'GCC', 'AUU', 'CCA', 'CCG', 'ACA', 'GCG', 'GGA', 'AUC', 'UUG', 'GCU', 'AGA', 'UGG', 'GGA', 'ACC', 'UUC', 'AAG', 'AAG', 'UCG', 'GGG', 'GCU', 'AUU', 'AAG', 'GUC', 'CUG', 'AGA', 'GGC', 'UUC', 'AAG', 'AAG', 'GAG', 'AUC', 'UCA', 'AAU', 'AUG', 'CUG', 'AGC', 'AUU', 'AUC', 'AAC', 'AGA', 'CGG', 'AAA', 'AGG', 'ACA', 'UCG', 'CUC', 'UGU', 'CUC', 'AUG', 'AUG', 'AUG', 'UUA', 'CCA', 'GCA', 'ACA', 'CUU', 'GCU']",3,Severa,Severa
"['AUG', 'AAC', 'AAC', 'CAA', 'CGG', 'AAA', 'AAG', 'ACG', 'GGU', 'AAA', 'CCG', 'UCU', 'AUC', 'AAU', 'AUG', 'CUG', 'AAA', 'CGC', 'GUG', 'AGA', 'AAC', 'CGU', 'GUG', 'UCA', 'ACU', 'GGA', 'UCA', 'CAG', 'UUG', 'GCG', 'AAG', 'AGA', 'UUC', 'UCA', 'AGA', 'GGA', 'UUG', 'CUG', 'AAU', 'GGC', 'CAA', 'GGA', 'CCA', 'AUG', 'AAA', 'UUG', 'GUU', 'AUG', 'GCG', 'UUC', 'AUA', 'GCU', 'UUC', 'CUC', 'AGA', 'UUU', 'CUA', 'GCC', 'AUU', 'CCA', 'CCG', 'ACA', 'GCG', 'GGA', 'AUC', 'UUG', 'GCU', 'AGA', 'UGG', 'GGA', 'ACC', 'UUC', 'AAG', 'AAG', 'UCG', 'GGG', 'GCU', 'AUU', 'AAG', 'GUC', 'CUG', 'AGA', 'GGC', 'UUC', 'AAG', 'AAG', 'GAG', 'AUC', 'UCA', 'AAU', 'AUG', 'CUG', 'AGC', 'AUU', 'AUC', 'AAC', 'AGA', 'CGG', 'AAA', 'AAG', 'ACA', 'UCG', 'CUC', 'UGU', 'CUC', 'AUG', 'AUG', 'AUG', 'UUA', 'CCA', 'GCA', 'ACA', 'CUU', 'GCU']",3,Severa,Severa
"['AUG', 'AAC', 'AAC', 'CAA', 'CGG', 'AAA', 'AAG', 'ACG', 'GGU', 'CGA', 'CCG', 'UCU', 'UUC', 'AAU', 'AUG', 'CUG', 'AAA', 'CGC', 'GCG', 'AGA', 'AAC', 'CGC', 'GUG', 'UCA', 'ACU', 'GGU', 'UCA', 'CAG', 'UUG', 'GCG', 'AAG', 'AGA', 'UUC', 'UCA', 'AAA', 'GGA', 'CUG', 'CUU', 'UCA', 'GGC', 'CAA', 'GGA', 'CCC', 'AUG', 'AAA', 'UUG', 'GUG', 'AUG', 'GCU', 'UUC', 'AUA', 'GCA', 'UUU', 'CUA', 'AGA', 'UUU', 'CUA', 'GCC', 'AUA', 'CCC', 'CCA', 'ACA', 'GCA', 'GGA', 'AUU', 'UUG', 'GCU', 'AGA', 'UGG', 'AGC', 'UCA', 'UUC', 'AAG', 'AAG', 'AAU', 'GGA', 'GCG', 'AUC', 'AAA', 'GUG', 'UUA', 'CGG', 'GGU', 'UUC', 'AAA', 'AAA', 'GAG', 'AUC', 'UCA', 'AGC', 'AUG', 'UUG', 'AAC', 'AUA', 'AUG', 'AAC', 'AGG', 'AGG', 'AAA', 'AGA', 'UCC', 'GUG', 'ACC', 'AUG', 'CUC', 'CUC', 'AUG', 'CUG', 'CUG', 'CCC', 'ACA', 'GCC', 'CUG', 'GCG']",1,Classica,Classica
"['AUG', 'AAC', 'AAC', 'CAA', 'CGG', 'AAA', 'AAG', 'ACG', 'GGU', 'CGA', 'CCG', 'UCU', 'UUC', 'AAU', 'AUG', 'CUG', 'AAA', 'CGC', 'GCG', 'AGA', 'AAC', 'CGC', 'GUG', 'UCA', 'ACU', 'GGU', 'UCA', 'CAG', 'UUG', 'GCG', 'AAG', 'AGA', 'UUC', 'UCA', 'AAA', 'GGA', 'UUG', 'CUU', 'UCA', 'GGC', 'CAA', 'GGA', 'CCC', 'AUG', 'AAA', 'UUG', 'GUG', 'AUG', 'GCU', 'UUC', 'AUA', 'GCA', 'UUU', 'CUA', 'AGA', 'UUC', 'CUA', 'GCC', 'AUA', 'CCC', 'CCA', 'ACA', 'GCA', 'GGA', 'AUU', 'UUG', 'GCU', 'AGA', 'UGG', 'AGC', 'UCA', 'UUC', 'AAG', 'AAA', 'AAU', 'GGA', 'GCG', 'AUC', 'AAA', 'GUG', 'UUA', 'CGG', 'GGU', 'UUC', 'AAA', 'AAA', 'GAG', 'AUC', 'UCA', 'AGC', 'AUG', 'UUG', 'AAC', 'AUA', 'AUG', 'AAC', 'AGG', 'AGG', 'AAA', 'AGA', 'UCC', 'GUG', 'ACC', 'AUG', 'CUC', 'CUC', 'AUG', 'CUA', 'UUG', 'CCC', 'ACA', 'GCC', 'CUG', 'GCG']",1,Classica,Classica
"['AUG', 'AAC', 'AAC', 'CAA', 'CGG', 'AAA', 'AAG', 'ACG', 'GGU', 'CGA', 'CCG', 'UCU', 'UUC', 'AAU', 'AUG', 'CUG', 'AAA', 'CGC', 'GCG', 'AGA', 'AAC', 'CGC', 'GUG', 'UCA', 'ACU', 'GGU', 'UCA', 'CAG', 'UUG', 'GCG', 'AAG', 'AGA', 'UUC', 'UCA', 'AAA', 'GGA', 'UUG', 'CUU', 'UCA', 'GGC', 'CAA', 'GGA', 'CCC', 'AUG', 'AAA', 'UUG', 'GUG', 'AUG', 'GCU', 'UUC', 'AUA', 'GCA', 'UUU', 'CUA', 'AGA', 'UUU', 'CUA', 'GCC', 'AUA', 'CCC', 'CCA', 'ACA', 'GCA', 'GGA', 'AUU', 'UUG', 'GCU', 'AGA', 'UGG', 'AGC', 'UCA', 'UUC', 'AAG', 'AAG', 'AAU', 'GGA', 'GCA', 'AUC', 'AAA', 'GUG', 'UUA', 'CGG', 'GGU', 'UUC', 'AAA', 'AAA', 'GAG', 'AUC', 'UCA', 'AGC', 'AUG', 'UUG', 'AAC', 'AUA', 'AUG', 'AAC', 'AGG', 'AGG', 'AAA', 'AGA', 'UCC', 'GUG', 'ACC', 'AUG', 'CUC', 'CUC', 'AUG', 'CUG', 'CUG', 'CCC', 'ACA', 'GCC', 'CUG', 'GCG']",1,Classica,Classica
"['AUG', 'AAC', 'AAC', 'CAA', 'CGG', 'AAA', 'AAG', 'ACG', 'GGU', 'CGA', 'CCG', 'UCU', 'UUC', 'AAU', 'AUG', 'CUG', 'AAA', 'CGC', 'GCG', 'AGA', 'AAC', 'CGC', 'GUG', 'UCA', 'ACU', 'GGU', 'UCA', 'CAG', 'UUG', 'GCG', 'AAG', 'AGA', 'UUC', 'UCA', 'AAA', 'GGA', 'UUG', 'CUU', 'UCA', 'GGC', 'CAA', 'GGA', 'CCC', 'AUG', 'AAA', 'UUG', 'GUG', 'AUG', 'GCU', 'UUC', 'AUA', 'GCA', 'UUU', 'CUA', 'AGA', 'UUU', 'CUA', 'GCC', 'AUA', 'CCC', 'CCA', 'ACA', 'GCA', 'GGA', 'AUU', 'UUG', 'GCU', 'AGA', 'UGG', 'AGC', 'UCA', 'UUC', 'AAG', 'AAG', 'AAU', 'GGA', 'GCG', 'AUC', 'AAA', 'GUG', 'UUA', 'CGG', 'GGU', 'UUC', 'AAA', 'AAA', 'GAG', 'AUC', 'UCA', 'AGC', 'AUG', 'UUG', 'AAC', 'AUA', 'AUG', 'AAC', 'AGG', 'AGG', 'AAA', 'AGA', 'UCC', 'GUG', 'ACC', 'AUG', 'CUC', 'CUC', 'AUG', 'CUG', 'CUG', 'CCC', 'ACA', 'GCC', 'CUG', 'GCG']",1,Classica,Classica
"['AUG', 'AAC', 'AAC', 'CAA', 'CGG', 'AAA', 'AAG', 'ACG', 'GGU', 'CGA', 'CCG', 'UCU', 'UUC', 'AAU', 'AUG', 'CUG', 'AAA', 'CGC', 'GCG', 'AGA', 'AAC', 'CGC', 'GUG', 'UCA', 'ACU', 'GGU', 'UCA', 'CAG', 'UUG', 'GCG', 'AAG', 'AGA', 'UUC', 'UCA', 'AAA', 'GGA', 'UUG', 'CUU', 'UCA', 'GGC', 'CAA', 'GGA', 'CCC', 'AUG', 'AAA', 'UUG', 'GUG', 'AUG', 'GCU', 'UUC', 'AUA', 'GCA', 'UUU', 'CUA', 'AGA', 'UUU', 'CUA', 'GCC', 'AUA', 'CCC', 'CCA', 'ACA', 'GCA', 'GGA', 'AUU', 'UUG', 'GCU', 'AGA', 'UGG', 'AGC', 'UCA', 'UUC', 'AAG', 'AAG', 'AAU', 'GGA', 'GCG', 'AUC', 'AAA', 'GUG', 'UUA', 'CGG', 'GGU', 'UUC', 'AAA', 'AAA', 'GAG', 'AUC', 'UCA', 'AGC', 'AUG', 'UUG', 'AAC', 'AUA', 'AUG', 'AAC', 'AGG', 'AGG', 'AAA', 'AGA', 'UCC', 'GUG', 'ACC', 'AUG', 'CUC', 'CUC', 'AUG', 'CUG', 'UUG', 'CCC', 'ACA', 'GCC', 'CUG', 'GCG']",1,Classica,Classica
"['AUG', 'AAC', 'AAC', 'CAA', 'CGG', 'AAA', 'AAG', 'ACG', 'GGU', 'CGA', 'CCG', 'UCU', 'UUC', 'AAU', 'AUG', 'CUG', 'AAA', 'CGC', 'GCG', 'AGA', 'AAC', 'CGC', 'GUG', 'UCA', 'ACU', 'GGU', 'UCA', 'CAG', 'UUG', 'GCG', 'AAG', 'AGA', 'UUC', 'UCA', 'AAA', 'GGA', 'UUG', 'CUU', 'UCA', 'GGC', 'CAA', 'GGA', 'CCC', 'AUG', 'AAA', 'UUG', 'GUG', 'AUG', 'GCU', 'UUC', 'AUA', 'GCA', 'UUU', 'CUA', 'AGA', 'UUU', 'CUA', 'GCC', 'AUA', 'CCC', 'CCA', 'ACA', 'GCA', 'GGA', 'AUU', 'UUG', 'GCU', 'AGA', 'UGG', 'AGC', 'UCA', 'UUC', 'AAG', 'AAG', 'AAU', 'GGA', 'GCG', 'AUC', 'AAA', 'GUG', 'UUA', 'CGG', 'GGU', 'UUC', 'AAA', 'AAA', 'GAG', 'AUC', 'UCA', 'AGC', 'AUG', 'UUG', 'AAC', 'AUA', 'AUG', 'AAC', 'AGG', 'AGG', 'AAA', 'AGA', 'UCC', 'GUG', 'ACC', 'AUG', 'CUC', 'UUC', 'AUG', 'CUG', 'CUG', 'CCC', 'ACA', 'GCC', 'CUG', 'GCG']",1,Classica,Classica
"['AUG', 'AAC', 'AAC', 'CAA', 'CGG', 'AAA', 'AAG', 'ACG', 'GGU', 'CGA', 'CCG', 'UCU', 'UUC', 'AAU', 'AUG', 'CUG', 'AAA', 'CGC', 'GCG', 'AGA', 'AAC', 'CGC', 'GUG', 'UCA', 'ACU', 'GUU', 'UCA', 'CAG', 'UUG', 'GCG', 'AAG', 'AGA', 'UUC', 'UCA', 'AAA', 'GGA', 'UUG', 'CUU', 'UCA', 'GGC', 'CAA', 'GGA', 'CCC', 'AUG', 'AAA', 'CUG', 'GUG', 'AUG', 'GCU', 'UUU', 'AUA', 'GCA', 'UUC', 'CUA', 'AGA', 'UUU', 'CUA', 'GCC', 'AUA', 'CCU', 'CCA', 'ACA', 'GCA', 'GGA', 'AUU', 'UUG', 'GCU', 'AGA', 'UGG', 'GGC', 'UCA', 'UUC', 'AAG', 'AAG', 'AAU', 'GGA', 'GCG', 'AUC', 'AAA', 'GUA', 'CUA', 'CGG', 'GGU', 'UUC', 'AAG', 'AAA', 'GAA', 'AUC', 'UCA', 'AAC', 'AUG', 'UUA', 'AAC', 'AUA', 'AUG', 'AAC', 'AGG', 'AGG', 'AAA', 'AGA', 'UCU', 'GUG', 'ACC', 'GUG', 'CUC', 'UUC', 'AUG', 'CUG', 'CUG', 'CCC', 'ACA', 'GCC', 'CUG', 'GCG']",1,Classica,Classica
"['AUG', 'AAC', 'AAC', 'CAA', 'CGG', 'AAA', 'AAG', 'ACG', 'GGU', 'CGA', 'CCG', 'UCU', 'UUC', 'AAU', 'AUG', 'CUG', 'AAA', 'CGC', 'GCG', 'AGA', 'AAC', 'CGC', 'GUG', 'UCA', 'ACU', 'GUU', 'UCA', 'CAG', 'UUG', 'GCG', 'AAG', 'AGA', 'UUC', 'UCA', 'AAA', 'GGA', 'UUG', 'CUU', 'UCA', 'GGC', 'CAA', 'GGA', 'CCC', 'AUG', 'AAA', 'CUG', 'GUG', 'AUG', 'GCU', 'UUU', 'AUA', 'GCA', 'UUC', 'CUA', 'AGA', 'UUU', 'CUA', 'GCC', 'AUA', 'CCU', 'CCA', 'ACA', 'GCA', 'GGA', 'AUU', 'UUG', 'GCU', 'AGA', 'UGG', 'GGC', 'UCA', 'UUC', 'AAG', 'AAG', 'AAU', 'GGG', 'GCG', 'AUC', 'AAA', 'GUG', 'UUA', 'CGG', 'GGU', 'UUC', 'AAG', 'AAA', 'GAA', 'AUC', 'UCA', 'AAC', 'AUG', 'UUA', 'AAC', 'AUA', 'AUG', 'AAC', 'AGG', 'AGA', 'AAA', 'AGA', 'UCU', 'GUG', 'ACC', 'AUG', 'CUC', 'UUC', 'AUG', 'CUG', 'CUG', 'CCC', 'ACA', 'GCC', 'CUG', 'GCG']",1,Classica,Classica
"['AUG', 'AAC', 'AAC', 'CAA', 'CGG', 'AAA', 'AAG', 'ACG', 'GGU', 'CGA', 'CCG', 'UCU', 'UUC', 'AAU', 'AUG', 'CUG', 'AAA', 'CGC', 'GCG', 'AGA', 'AAC', 'CGC', 'GUG', 'UCA', 'ACU', 'GUU', 'UCA', 'CAG', 'UUG', 'GCG', 'AAG', 'AGA', 'UUC', 'UCA', 'AAA', 'GGA', 'UUG', 'CUU', 'UCA', 'GGC', 'CAA', 'GGA', 'CCC', 'AUG', 'AAA', 'UUG', 'GUG', 'AUG', 'GCU', 'UUU', 'AUA', 'GCA', 'UUC', 'CUA', 'AGA', 'UUU', 'CUA', 'GCC', 'AUA', 'CCU', 'CCA', 'ACA', 'GCA', 'GGA', 'AUU', 'UUG', 'GCU', 'AGA', 'UGG', 'AGC', 'UCA', 'UUC', 'AAG', 'AAG', 'AAU', 'GGA', 'GCG', 'AUC', 'AAA', 'GUG', 'UUA', 'CGG', 'GGU', 'UUC', 'AAG', 'AAA', 'GAG', 'AUC', 'UCA', 'AAC', 'AUG', 'UUG', 'AAC', 'AUA', 'AUG', 'AAC', 'AGG', 'AGG', 'AAA', 'AGA', 'UCU', 'GUG', 'ACC', 'AUG', 'CUC', 'CUC', 'AUG', 'CUG', 'CUG', 'CCC', 'ACA', 'GCC', 'CUA', 'GCG']",1,Classica,Classica
"['AUG', 'AAC', 'AAC', 'CAA', 'CGG', 'AAA', 'AAG', 'ACG', 'GGU', 'CGA', 'CCG', 'UCU', 'UUC', 'AAU', 'AUG', 'CUG', 'AAA', 'CGC', 'GCG', 'AGA', 'AAC', 'CGC', 'GUG', 'UCA', 'ACU', 'GUU', 'UCA', 'CAG', 'UUG', 'GCG', 'AAG', 'AGA', 'UUC', 'UCA', 'AAA', 'GGA', 'UUG', 'CUU', 'UCA', 'GGU', 'CAA', 'GGA', 'CCC', 'AUG', 'AAA', 'CUG', 'GUG', 'AUG', 'GCU', 'UUU', 'AUA', 'GCA', 'UUC', 'CUA', 'AGA', 'UUU', 'CUA', 'GCC', 'AUA', 'CCU', 'CCA', 'ACA', 'GCA', 'GGA', 'AUU', 'UUG', 'GCU', 'AGA', 'UGG', 'GGC', 'UCA', 'UUC', 'AAG', 'AAG', 'AAU', 'GGA', 'GCG', 'AUU', 'AAA', 'GUG', 'UUA', 'CGG', 'GGU', 'UUC', 'AAA', 'AAA', 'GAA', 'AUC', 'UCA', 'AAC', 'AUG', 'UUG', 'AAC', 'AUA', 'AUG', 'AAC', 'AGG', 'AGA', 'AAA', 'AGA', 'UCU', 'GUG', 'ACC', 'AUG', 'CUC', 'CUC', 'AUG', 'CUG', 'CUG', 'CCC', 'ACA', 'GUC', 'CUG', 'ACG']",1,Classica,Classica
"['AUG', 'AAC', 'AAC', 'CAA', 'CGG', 'AAA', 'AAG', 'ACG', 'GGU', 'CGA', 'CCG', 'UCU', 'UUC', 'AAU', 'AUG', 'CUG', 'AAA', 'CGC', 'GCG', 'AGA', 'AAC', 'CGC', 'GUG', 'UCA', 'ACU', 'GUU', 'UCA', 'CAG', 'UUG', 'GCG', 'AAG', 'AGA', 'UUC', 'UCA', 'AAA', 'GGA', 'UUG', 'CUU', 'UCA', 'GGU', 'CAA', 'GGA', 'CCC', 'AUG', 'AAA', 'CUG', 'GUG', 'AUG', 'GCU', 'UUU', 'AUA', 'GCA', 'UUC', 'CUA', 'AGA', 'UUU', 'CUA', 'GCC', 'AUA', 'CCU', 'CCA', 'ACA', 'GCA', 'GGA', 'AUU', 'UUG', 'GCU', 'AGA', 'UGG', 'GGC', 'UCA', 'UUC', 'AAG', 'AAG', 'AAU', 'GGA', 'GCG', 'AUU', 'AAA', 'GUG', 'UUG', 'CGG', 'GGU', 'UUC', 'AAA', 'AAA', 'GAA', 'AUC', 'UCA', 'AAC', 'AUG', 'UUG', 'AAC', 'AUA', 'AUG', 'AAC', 'AGG', 'AGA', 'AAA', 'AGA', 'UCU', 'GUG', 'ACC', 'AUG', 'CUC', 'CUC', 'AUG', 'CUG', 'CUG', 'CCC', 'ACA', 'GUC', 'CUG', 'ACG']",1,Classica,Classica
"['AUG', 'AAC', 'AAC', 'CAA', 'CGG', 'AAG', 'AAG', 'ACG', 'GGA', 'AAA', 'CCG', 'UCU', 'AUC', 'AAU', 'AUG', 'CUG', 'AAA', 'CGC', 'GAG', 'AGA', 'AAC', 'CGU', 'GUG', 'UCA', 'ACU', 'GGA', 'UCA', 'CAG', 'UUG', 'GCG', 'AAG', 'AGA', 'UUC', 'UCA', 'AAA', 'GGA', 'CUG', 'CUG', 'AAC', 'GGC', 'CAG', 'GGA', 'CCA', 'AUG', 'AAA', 'UUG', 'GUU', 'AUG', 'GCG', 'UUC', 'AUA', 'GCU', 'UUC', 'CUC', 'AGA', 'UUU', 'CUA', 'GCC', 'AUU', 'CCA', 'CCA', 'ACA', 'GCA', 'GGA', 'GUC', 'UUG', 'GCU', 'AGA', 'UGG', 'GGA', 'ACC', 'UUC', 'AAG', 'AAG', 'UCG', 'GGG', 'GCC', 'AUU', 'AAG', 'GUC', 'CUG', 'AAA', 'GGC', 'UUC', 'AAG', 'AAG', 'GAG', 'AUC', 'UCA', 'AAC', 'AUG', 'CUG', 'AGC', 'AUA', 'AUC', 'AAC', 'AAA', 'CGG', 'AAA', 'AAG', 'ACA', 'UCG', 'CUC', 'UGU', 'CUC', 'AUG', 'AUG', 'AUA', 'UUG', 'CCA', 'GCA', 'GCA', 'CUU', 'GCU']",3,Classica,Classica
"['AUG', 'AAC', 'AAC', 'CAA', 'CGG', 'AAG', 'AAG', 'ACG', 'GGA', 'AAA', 'CCG', 'UCU', 'AUC', 'AAU', 'AUG', 'CUG', 'AAA', 'CGC', 'GUG', 'AGA', 'AAC', 'CGU', 'GUG', 'UCA', 'ACU', 'GGA', 'UCA', 'CAG', 'UUG', 'GCG', 'AAG', 'AGA', 'UUC', 'UCA', 'AAA', 'GGA', 'CUG', 'CUG', 'AAC', 'GGC', 'CAG', 'GGA', 'CCA', 'AUG', 'AAA', 'UUG', 'GUU', 'AUG', 'GCG', 'UUC', 'AUA', 'GCU', 'UUC', 'CUC', 'AGA', 'UUU', 'CUA', 'GCC', 'AUU', 'CCA', 'CCA', 'ACA', 'GCA', 'GGA', 'GUC', 'UUG', 'GCU', 'AGA', 'UGG', 'GGA', 'ACC', 'UUC', 'AAG', 'AAG', 'UCG', 'GGG', 'GCC', 'AUC', 'AAG', 'GUC', 'CUG', 'AAA', 'GGC', 'UUC', 'AAG', 'AAG', 'GAG', 'AUC', 'UCA', 'AAC', 'AUG', 'CUG', 'AGC', 'AUA', 'AUC', 'AAC', 'AAA', 'CGG', 'AAA', 'AAG', 'ACA', 'UCG', 'CUC', 'UGU', 'CUC', 'AUG', 'AUG', 'AUA', 'UUG', 'CCA', 'GCA', 'GCA', 'CUU', 'GCU']",3,Classica,Classica
"['AUG', 'AAC', 'AAC', 'CAA', 'CGG', 'AAG', 'AAG', 'ACG', 'GGA', 'AAA', 'CCG', 'UCU', 'AUC', 'AAU', 'AUG', 'CUG', 'AAA', 'CGC', 'GUG', 'AGA', 'AAC', 'CGU', 'GUG', 'UCA', 'ACU', 'GGA', 'UCA', 'CAG', 'UUG', 'GCG', 'AAG', 'AGA', 'UUC', 'UCA', 'AAA', 'GGA', 'CUG', 'CUG', 'AAC', 'GGC', 'CAG', 'GGA', 'CCA', 'AUG', 'AAA', 'UUG', 'GUU', 'AUG', 'GCG', 'UUC', 'AUA', 'GCU', 'UUC', 'CUC', 'AGA', 'UUU', 'CUA', 'GCC', 'AUU', 'CCA', 'CCA', 'ACA', 'GCA', 'GGA', 'GUC', 'UUG', 'GCU', 'AGA', 'UGG', 'GGA', 'ACC', 'UUC', 'AAG', 'AAG', 'UCG', 'GGG', 'GCC', 'AUU', 'AAG', 'GUC', 'CUG', 'AAA', 'GGC', 'UUC', 'AAA', 'AAG', 'GAG', 'AUC', 'UCA', 'AAC', 'AUG', 'CUG', 'AGC', 'AUA', 'AUC', 'AAC', 'AAA', 'CGG', 'AAA', 'AAG', 'ACA', 'UCG', 'CUC', 'UGU', 'CUC', 'AUG', 'AUG', 'AUA', 'UUG', 'CCA', 'GCA', 'GCA', 'CUU', 'GCU']",3,Classica,Classica
"['AUG', 'AAC', 'AAC', 'CAA', 'CGG', 'AAG', 'AAG', 'ACG', 'GGA', 'AAA', 'CCG', 'UCU', 'AUC', 'AAU', 'AUG', 'CUG', 'AAA', 'CGC', 'GUG', 'AGA', 'AAC', 'CGU', 'GUG', 'UCA', 'ACU', 'GGA', 'UCA', 'CAG', 'UUG', 'GCG', 'AAG', 'AGA', 'UUC', 'UCA', 'AAA', 'GGA', 'CUG', 'CUG', 'AAC', 'GGC', 'CAG', 'GGA', 'CCA', 'AUG', 'AAA', 'UUG', 'GUU', 'AUG', 'GCG', 'UUC', 'AUA', 'GCU', 'UUC', 'CUC', 'AGA', 'UUU', 'CUA', 'GCC', 'AUU', 'CCA', 'CCA', 'ACA', 'GCA', 'GGA', 'GUC', 'UUG', 'GCU', 'AGA', 'UGG', 'GGA', 'ACC', 'UUC', 'AAG', 'AAG', 'UCG', 'GGG', 'GCC', 'AUU', 'AAG', 'GUC', 'CUG', 'AAA', 'GGC', 'UUC', 'AAG', 'AAG', 'GAA', 'AUC', 'UCA', 'AAC', 'AUG', 'CUG', 'AGC', 'AUA', 'AUC', 'AAC', 'AAA', 'CGG', 'AAA', 'AAG', 'ACA', 'UCG', 'CUC', 'UGU', 'CUC', 'AUG', 'AUG', 'AUA', 'UUG', 'CCA', 'GCA', 'GCA', 'CUU', 'GCU']",3,Classica,Classica
"['AUG', 'AAC', 'AAC', 'CAA', 'CGG', 'AAG', 'AAG', 'ACG', 'GGA', 'AAA', 'CCG', 'UCU', 'AUC', 'AAU', 'AUG', 'CUG', 'AAA', 'CGC', 'GUG', 'AGA', 'AAC', 'CGU', 'GUG', 'UCA', 'ACU', 'GGA', 'UCA', 'CAG', 'UUG', 'GCG', 'AAG', 'AGA', 'UUC', 'UCA', 'AAA', 'GGA', 'CUG', 'CUG', 'AAC', 'GGC', 'CAG', 'GGA', 'CCA', 'AUG', 'AAA', 'UUG', 'GUU', 'AUG', 'GCG', 'UUC', 'AUA', 'GCU', 'UUC', 'CUC', 'AGA', 'UUU', 'CUA', 'GCC', 'AUU', 'CCA', 'CCA', 'ACA', 'GCA', 'GGA', 'GUC', 'UUG', 'GCU', 'AGA', 'UGG', 'GGA', 'ACC', 'UUC', 'AAG', 'AAG', 'UCG', 'GGG', 'GCC', 'AUU', 'AAG', 'GUC', 'CUG', 'AAA', 'GGC', 'UUC', 'AAG', 'AAG', 'GAG', 'AUC', 'UCA', 'AAC', 'AUG', 'CUG', 'AGC', 'AUA', 'AUC', 'AAC', 'AAA', 'CGG', 'AAA', 'AAG', 'ACA', 'UCG', 'CUC', 'UGC', 'CUC', 'AUG', 'AUG', 'AUA', 'UUG', 'CCA', 'GCA', 'GCA', 'CUU', 'GCU']",3,Classica,Classica
"['AUG', 'AAC', 'AAC', 'CAA', 'CGG', 'AAG', 'AAG', 'ACG', 'GGA', 'AAA', 'CCG', 'UCU', 'AUC', 'AAU', 'AUG', 'CUG', 'AAA', 'CGC', 'GUG', 'AGA', 'AAC', 'CGU', 'GUG', 'UCA', 'ACU', 'GGA', 'UCA', 'CAG', 'UUG', 'GCG', 'AAG', 'AGA', 'UUC', 'UCA', 'AAA', 'GGA', 'CUG', 'CUG', 'AAC', 'GGC', 'CAG', 'GGA', 'CCA', 'AUG', 'AAA', 'UUG', 'GUU', 'AUG', 'GCG', 'UUC', 'AUA', 'GCU', 'UUC', 'CUC', 'AGA', 'UUU', 'CUA', 'GCC', 'AUU', 'CCA', 'CCA', 'ACA', 'GCA', 'GGA', 'GUC', 'UUG', 'GCU', 'AGA', 'UGG', 'GGA', 'ACC', 'UUC', 'AAG', 'AAG', 'UCG', 'GGG', 'GCC', 'AUU', 'AAG', 'GUC', 'CUG', 'AAG', 'GGC', 'UUC', 'AAG', 'AAG', 'GAG', 'AUC', 'UCA', 'AAC', 'AUG', 'CUG', 'AGC', 'AUA', 'AUC', 'AAC', 'AAA', 'CGG', 'AAA', 'AAG', 'ACA', 'UCG', 'CUC', 'UGU', 'CUC', 'AUG', 'AUG', 'AUA', 'UUG', 'CCA', 'GCA', 'GCA', 'CUU', 'GCU']",3,Classica,Classica
"['AUG', 'AAC', 'AAC', 'CAA', 'CGG', 'AAG', 'AAG', 'ACG', 'GGA', 'AAA', 'CCG', 'UCU', 'AUC', 'AAU', 'AUG', 'CUG', 'AAA', 'CGC', 'GUG', 'AGA', 'AAC', 'CGU', 'GUG', 'UCA', 'ACU', 'GGA', 'UCA', 'CAG', 'UUG', 'GCG', 'AAG', 'AGA', 'UUC', 'UCA', 'AAA', 'GGA', 'CUG', 'CUG', 'AAC', 'GGC', 'CAG', 'GGA', 'CCA', 'AUG', 'AAA', 'UUG', 'GUU', 'AUG', 'GCG', 'UUC', 'AUA', 'GCU', 'UUC', 'CUC', 'AGA', 'UUU', 'CUA', 'GCC', 'AUU', 'CCA', 'CCA', 'ACA', 'GCA', 'GGA', 'GUU', 'UUG', 'GCU', 'AGA', 'UGG', 'GGA', 'ACC', 'UUC', 'AAG', 'AAG', 'UCG', 'GGG', 'GCC', 'AUU', 'AAG', 'GUC', 'CUG', 'AAA', 'GGC', 'UUC', 'AAG', 'AAG', 'GAG', 'AUC', 'UCA', 'AAC', 'AUG', 'CUG', 'AGC', 'AUA', 'AUC', 'AAC', 'AAA', 'CGG', 'AAA', 'AAG', 'ACA', 'UCG', 'CUC', 'UGU', 'CUC', 'AUG', 'AUG', 'AUA', 'UUG', 'CCA', 'ACA', 'GCA', 'CUU', 'GCU']",3,Classica,Classica
"['AUG', 'AAC', 'AAC', 'CAA', 'CGG', 'AAG', 'AAG', 'ACG', 'GGA', 'AAA', 'CCG', 'UCU', 'AUC', 'AAU', 'AUG', 'CUG', 'AAA', 'CGC', 'GUG', 'AGA', 'AAC', 'CGU', 'GUG', 'UCA', 'ACU', 'GGA', 'UCA', 'CAG', 'UUG', 'GCG', 'AAG', 'AGA', 'UUC', 'UCA', 'AAA', 'GGA', 'CUG', 'CUG', 'AAC', 'GGC', 'CAG', 'GGA', 'CCA', 'AUG', 'AAA', 'UUG', 'GUU', 'AUG', 'GCG', 'UUC', 'AUA', 'GCU', 'UUC', 'CUC', 'AGA', 'UUU', 'CUA', 'GCC', 'AUU', 'CCA', 'CCA', 'ACA', 'GCA', 'GGA', 'GUU', 'UUG', 'GCU', 'AGA', 'UGG', 'GGA', 'ACC', 'UUC', 'AAG', 'AAG', 'UCG', 'GGG', 'GCC', 'AUU', 'AAG', 'GUC', 'CUG', 'AAA', 'GGC', 'UUC', 'AAG', 'AAG', 'GAG', 'AUC', 'UCA', 'AAC', 'AUG', 'CUG', 'AGC', 'AUA', 'AUC', 'AAC', 'AAA', 'CGG', 'AAA', 'AAG', 'ACA', 'UCG', 'CUC', 'UGU', 'CUC', 'AUG', 'AUG', 'AUA', 'UUG', 'CCA', 'GCA', 'GCA', 'CUU', 'GCU']",3,Classica,Classica
"['AUG', 'AAC', 'AAC', 'CAA', 'CGG', 'AAG', 'AAG', 'ACG', 'GGA', 'AAA', 'CCG', 'UCU', 'AUC', 'AAU', 'AUG', 'CUG', 'AAA', 'CGC', 'GUG', 'AGA', 'AAC', 'CGU', 'GUG', 'UCA', 'ACU', 'GGA', 'UCA', 'CAG', 'UUG', 'GCG', 'AAG', 'AGA', 'UUC', 'UCA', 'AAA', 'GGA', 'CUG', 'CUG', 'AAU', 'GGC', 'CAG', 'GGA', 'CCA', 'AUG', 'AAA', 'UUG', 'GUU', 'AUG', 'GCG', 'UUC', 'AUA', 'GCU', 'UUC', 'CUC', 'AGA', 'UUU', 'CUA', 'GCC', 'AUU', 'CCA', 'CCA', 'ACA', 'GCA', 'GGA', 'GUC', 'UUG', 'GCU', 'AGA', 'UGG', 'GGA', 'ACC', 'UUC', 'AAG', 'AAG', 'UCG', 'GGG', 'GCC', 'AUU', 'AAG', 'GUC', 'CUG', 'AAA', 'GGC', 'UUC', 'AAG', 'AAG', 'GAG', 'AUC', 'UCA', 'AAC', 'AUG', 'CUG', 'AGC', 'AUA', 'AUC', 'AAC', 'AAA', 'CGG', 'AAA', 'AAG', 'ACA', 'UCG', 'CUC', 'UGU', 'CUC', 'AUG', 'AUG', 'AUA', 'UUG', 'CCA', 'GCA', 'GCA', 'CUU', 'GCU']",3,Classica,Classica
"['AUG', 'AAC', 'AAC', 'CAA', 'CGG', 'AAG', 'AAG', 'ACG', 'GGA', 'AAA', 'CCG', 'UCU', 'AUC', 'AAU', 'AUG', 'CUG', 'AAA', 'CGC', 'GUG', 'AGA', 'AAC', 'CGU', 'GUG', 'UCA', 'ACU', 'GGA', 'UCA', 'CAG', 'UUG', 'GCG', 'AAG', 'AGA', 'UUC', 'UCA', 'AAA', 'GGA', 'UUG', 'CUG', 'AAC', 'GGC', 'CAG', 'GGA', 'CCA', 'AUG', 'AAA', 'UUG', 'GUC', 'AUG', 'GCG', 'UUC', 'AUA', 'GCC', 'UUC', 'CUU', 'AGA', 'UUU', 'CUG', 'GCC', 'AUU', 'CCA', 'CCA', 'ACA', 'GCA', 'GGA', 'GUU', 'UUG', 'GCC', 'AGA', 'UGG', 'GGA', 'ACC', 'UUC', 'AAG', 'AAG', 'UCG', 'GGG', 'GCC', 'AUU', 'AAG', 'GUC', 'CUA', 'AAA', 'GGC', 'UUC', 'AAG', 'AAG', 'GAG', 'AUU', 'UCA', 'AAC', 'AUG', 'CUG', 'AGC', 'AUA', 'AUC', 'AAC', 'AAA', 'CGG', 'AAA', 'AAG', 'ACA', 'UCG', 'CUC', 'UGU', 'CUC', 'AUG', 'AUG', 'AUA', 'UUG', 'CCA', 'GCA', 'GCA', 'CUU', 'GCU']",3,Severa,Severa
"['AUG', 'AAC', 'AAC', 'CAA', 'CGG', 'AAG', 'AAG', 'ACG', 'GGA', 'AAA', 'CCG', 'UCU', 'AUC', 'AAU', 'AUG', 'CUG', 'AAA', 'CGC', 'GUG', 'AGA', 'AAC', 'CGU', 'GUG', 'UCA', 'ACU', 'GGA', 'UCA', 'CAG', 'UUG', 'GCG', 'AAG', 'AGA', 'UUC', 'UCA', 'AAA', 'GGA', 'UUG', 'CUG', 'AAC', 'GGC', 'CAG', 'GGA', 'CCA', 'AUG', 'AAA', 'UUG', 'GUC', 'AUG', 'GCG', 'UUC', 'AUA', 'GCC', 'UUC', 'CUU', 'AGA', 'UUU', 'CUG', 'GCC', 'AUU', 'CCA', 'CCA', 'ACA', 'GCA', 'GGA', 'GUU', 'UUG', 'GCC', 'AGA', 'UGG', 'GGA', 'ACC', 'UUC', 'AAG', 'AAG', 'UCG', 'GGG', 'GCC', 'AUU', 'AAG', 'GUC', 'CUG', 'AAA', 'GGC', 'UUC', 'AAG', 'AAG', 'GAG', 'AUU', 'UCA', 'AAC', 'AUG', 'UUG', 'AGC', 'AUA', 'AUC', 'AAC', 'AAA', 'CGG', 'AAA', 'AAG', 'ACG', 'UCG', 'CUC', 'UGU', 'CUC', 'AUG', 'AUG', 'AUA', 'UUG', 'CCA', 'GCA', 'GCA', 'CUU', 'GCU']",3,Severa,Severa
"['AUG', 'AAC', 'AAC', 'CAA', 'CGG', 'AAG', 'AAG', 'ACG', 'GGA', 'AAA', 'CCG', 'UCU', 'AUC', 'AAU', 'AUG', 'CUG', 'AAA', 'CGC', 'GUG', 'AGA', 'AAC', 'CGU', 'GUG', 'UCA', 'ACU', 'GGA', 'UCA', 'CAG', 'UUG', 'GCG', 'AAG', 'AGA', 'UUC', 'UCA', 'AAA', 'GGA', 'UUG', 'CUG', 'AAC', 'GGC', 'CAG', 'GGA', 'CCA', 'AUG', 'AAA', 'UUG', 'GUC', 'AUG', 'GCG', 'UUC', 'AUA', 'GCC', 'UUC', 'CUU', 'AGA', 'UUU', 'CUG', 'GCC', 'AUU', 'CCA', 'CCA', 'ACA', 'GCA', 'GGA', 'GUU', 'UUG', 'GCC', 'AGA', 'UGG', 'GGA', 'ACC', 'UUC', 'AAG', 'AAG', 'UCG', 'GGG', 'GCU', 'AUU', 'AAG', 'GUC', 'CUG', 'AAA', 'GGC', 'UUC', 'AAG', 'AAG', 'GAG', 'AUU', 'UCA', 'AAC', 'AUG', 'UUG', 'AGC', 'AUA', 'AUC', 'AAC', 'AAA', 'CGG', 'AAA', 'AAG', 'ACA', 'UCG', 'CUC', 'UGU', 'CUC', 'AUG', 'AUG', 'AUA', 'UUG', 'CCA', 'GCA', 'GCA', 'CUU', 'GCU']",3,Classica,Classica
"['AUG', 'AAC', 'AAC', 'CAA', 'CGG', 'AAG', 'AAG', 'ACG', 'GGA', 'AAA', 'CCG', 'UCU', 'AUC', 'AAU', 'AUG', 'CUG', 'AAA', 'CGC', 'GUG', 'AGA', 'AAC', 'CGU', 'GUG', 'UCA', 'ACU', 'GGA', 'UCA', 'CAG', 'UUG', 'GCG', 'AAG', 'AGA', 'UUC', 'UCA', 'AAA', 'GGA', 'UUG', 'CUG', 'AAC', 'GGC', 'CAG', 'GGA', 'CCA', 'AUG', 'AAA', 'UUG', 'GUU', 'AUG', 'GCG', 'UUC', 'AUA', 'GCC', 'UUC', 'CUU', 'AGA', 'UUU', 'CUG', 'GCC', 'AUU', 'CCA', 'CCA', 'ACA', 'GCA', 'GGA', 'GUU', 'UUG', 'GCC', 'AGA', 'UGG', 'GGA', 'ACC', 'UUC', 'AAG', 'AAG', 'UCG', 'GGG', 'GCC', 'AUU', 'AAG', 'GUC', 'CUG', 'AAA', 'GGC', 'UUC', 'AAG', 'AAG', 'GAG', 'AUU', 'UCA', 'AAC', 'AUG', 'CUG', 'AGC', 'AUA', 'AUC', 'AAC', 'AAA', 'CGG', 'AAA', 'AAG', 'ACA', 'UCG', 'CUC', 'UGU', 'CUC', 'AUG', 'AUG', 'AUA', 'UUA', 'CCA', 'GCA', 'GCA', 'CUU', 'GCU']",3,Classica,Classica
"['AUG', 'AAC', 'AAC', 'CAA', 'CGG', 'AAG', 'AAG', 'ACG', 'GGA', 'AAA', 'CCG', 'UCU', 'AUC', 'AAU', 'AUG', 'CUG', 'AAA', 'CGC', 'GUG', 'AGA', 'AAC', 'CGU', 'GUG', 'UCA', 'ACU', 'GGA', 'UCA', 'CAG', 'UUG', 'GCG', 'AAG', 'AGA', 'UUC', 'UCA', 'AAA', 'GGA', 'UUG', 'CUG', 'AAC', 'GGC', 'CAG', 'GGA', 'CCA', 'AUG', 'AGA', 'UUG', 'GUU', 'AUG', 'GCG', 'UUC', 'AUA', 'GCC', 'UUC', 'CUU', 'AGA', 'UUU', 'CUG', 'GCC', 'AUU', 'CCA', 'CCA', 'ACA', 'GCA', 'GGA', 'GUU', 'UUG', 'GCC', 'AGA', 'UGG', 'GGA', 'ACC', 'UUC', 'AAG', 'AAG', 'UCG', 'GGG', 'GCC', 'AUU', 'AAG', 'GUC', 'CUG', 'AAA', 'GGC', 'UUC', 'AAG', 'AAG', 'GAG', 'AUU', 'UCA', 'AAC', 'AUG', 'CUG', 'AGC', 'AUA', 'AUC', 'AAC', 'AAA', 'CGG', 'AAA', 'AAG', 'ACA', 'UCG', 'CUC', 'UGU', 'CUC', 'AUG', 'AUG', 'AUA', 'UUG', 'CCA', 'GCA', 'GCA', 'CUU', 'GCU']",3,Classica,Classica
"['AUG', 'AAC', 'AAC', 'CAA', 'CGG', 'AAG', 'AAG', 'ACG', 'GGA', 'AAA', 'CCG', 'UCU', 'AUC', 'AAU', 'AUG', 'CUG', 'AAA', 'CGC', 'GUG', 'AGA', 'AAC', 'CGU', 'GUG', 'UCA', 'ACU', 'GGA', 'UCA', 'CAG', 'UUG', 'GCG', 'AAG', 'AGA', 'UUC', 'UCA', 'AGA', 'GGA', 'CUG', 'CUG', 'AAC', 'GGC', 'CAG', 'GGA', 'CCA', 'AUG', 'AAA', 'UUG', 'GUU', 'AUG', 'GCG', 'UUC', 'AUA', 'GCU', 'UUC', 'CUC', 'AGA', 'UUU', 'CUA', 'GCC', 'AUU', 'CCA', 'CCA', 'ACA', 'GCA', 'GGA', 'GUU', 'UUG', 'GCU', 'AGA', 'UGG', 'GGA', 'ACC', 'UUC', 'AAG', 'AAG', 'UCG', 'GGG', 'GCC', 'AUU', 'AAG', 'GUC', 'CUG', 'AAA', 'GGC', 'UUC', 'AAG', 'AAG', 'GAG', 'AUC', 'UCA', 'AAC', 'AUG', 'CUG', 'AGC', 'AUA', 'AUC', 'AAC', 'AAA', 'CGG', 'AAA', 'AAG', 'ACA', 'UCG', 'CUC', 'UGU', 'CUC', 'AUG', 'AUG', 'AUA', 'UUG', 'CCA', 'GCA', 'GCA', 'CUU', 'GCU']",3,Severa,Severa
"['AUG', 'AAC', 'AAC', 'CAA', 'CGG', 'AAG', 'AAG', 'ACG', 'GGU', 'CGA', 'CCG', 'UCU', 'UUC', 'AAU', 'AUG', 'CUG', 'AAA', 'CGC', 'GCG', 'AGA', 'AAC', 'CGC', 'GUG', 'UCA', 'ACU', 'GGU', 'UCA', 'CAG', 'UUG', 'GCG', 'AAG', 'AGA', 'UUC', 'UCA', 'AAA', 'GGA', 'UUG', 'CUC', 'UCA', 'GGC', 'CAA', 'GGA', 'CCC', 'AUG', 'AAA', 'AUG', 'GUG', 'AUG', 'GCU', 'UUC', 'AUA', 'GCA', 'UUC', 'CUA', 'AGA', 'UUU', 'CUA', 'GCC', 'AUA', 'CCC', 'CCA', 'ACA', 'GCA', 'GGA', 'AUU', 'UUG', 'GCU', 'AGA', 'UGG', 'AGC', 'UCA', 'UUC', 'AAG', 'AAG', 'AAU', 'GGA', 'GCG', 'AUC', 'AAA', 'GUG', 'UUA', 'CGG', 'GGU', 'UUC', 'AAA', 'AAA', 'GAG', 'AUC', 'UCA', 'AGC', 'AUG', 'CUG', 'AAC', 'AUA', 'AUG', 'AAC', 'AGG', 'AGA', 'AAA', 'AGA', 'UCC', 'GUG', 'ACC', 'AUG', 'CUC', 'CUC', 'AUG', 'CUG', 'CUG', 'CCC', 'ACA', 'GCC', 'CUG', 'GCG']",1,Classica,Classica
"['AUG', 'AAC', 'CAA', 'CGA', 'AAA', 'AAG', 'GUG', 'GUC', 'AGA', 'CCA', 'CCU', 'UUC', 'AAU', 'AUG', 'CUG', 'AAA', 'CGC', 'GAG', 'AGA', 'AAC', 'CGC', 'GUA', 'UCA', 'ACC', 'CCU', 'CAA', 'GGG', 'UUG', 'GUG', 'AAG', 'AGA', 'UUC', 'UCA', 'ACC', 'GGA', 'CUU', 'UUC', 'UCC', 'GGG', 'AAA', 'GGA', 'CCU', 'UUG', 'CGG', 'AUG', 'GUG', 'CUA', 'GCA', 'UUC', 'AUC', 'ACG', 'UUU', 'UUG', 'CGG', 'GUC', 'CUU', 'UCC', 'AUC', 'CCA', 'CCA', 'ACA', 'GCA', 'GGG', 'AUU', 'CUG', 'AAA', 'AGA', 'UGG', 'GGA', 'CAG', 'UUG', 'AAA', 'AAG', 'AAC', 'AAG', 'GCC', 'GUC', 'AAA', 'AUA', 'CUG', 'AUU', 'GGA', 'UUC', 'AGG', 'AAG', 'GAG', 'AUA', 'GGU', 'CGC', 'AUG', 'UUA', 'AAC', 'AUC', 'UUG', 'AAU', 'AGG', 'AGA', 'AGA', 'AGG', 'UCA', 'ACA', 'AUG', 'ACA', 'UUG', 'CUG', 'UGU', 'UUG', 'AUU', 'CCC', 'ACC', 'GUA', 'AUG', 'GCG']",4,Classica,Classica
"['AUG', 'AAC', 'CAA', 'CGA', 'AAA', 'AAG', 'GUG', 'GUU', 'AGA', 'CCA', 'CCU', 'UUC', 'AAU', 'AUG', 'CUG', 'AAA', 'CGC', 'GAG', 'AGA', 'AAC', 'CGC', 'GUA', 'UCA', 'ACC', 'CCU', 'CAA', 'GGG', 'UUG', 'GUG', 'AAG', 'AGA', 'UUC', 'UCA', 'ACC', 'GGA', 'CUU', 'UUC', 'UCC', 'GGG', 'AAA', 'GGA', 'CCC', 'UUA', 'CGG', 'AUG', 'GUG', 'CUU', 'GCA', 'UUC', 'AUC', 'ACA', 'UUU', 'UUG', 'CGA', 'GUU', 'CUU', 'UCC', 'AUC', 'CCG', 'CCA', 'ACA', 'GCA', 'GGG', 'AUU', 'CUG', 'AAA', 'AGA', 'UGG', 'GGA', 'CAG', 'UUG', 'AAA', 'AAG', 'AAU', 'AAG', 'GCC', 'AUC', 'AAG', 'AUA', 'CUG', 'AUU', 'GGA', 'UUC', 'AGG', 'AAG', 'GAG', 'AUA', 'GGU', 'CGC', 'AUG', 'UUA', 'AAC', 'AUC', 'UUG', 'AAU', 'AGG', 'AGA', 'AGA', 'AGG', 'UCA', 'ACA', 'AUG', 'ACA', 'UUG', 'CUG', 'UGU', 'UUG', 'AUU', 'CCC', 'ACC', 'GUA', 'AUG', 'GCG']",4,Severa,Severa
"['AUG', 'AAC', 'CAA', 'CGA', 'AAA', 'AAG', 'GUG', 'GUU', 'AGA', 'CCA', 'CCU', 'UUC', 'AAU', 'AUG', 'CUG', 'AAA', 'CGC', 'GAG', 'AGA', 'AAC', 'CGC', 'GUA', 'UCA', 'ACC', 'CCU', 'CAA', 'GGG', 'UUG', 'GUG', 'AAG', 'AGA', 'UUC', 'UCA', 'ACC', 'GGA', 'CUU', 'UUU', 'UCG', 'GGG', 'AAA', 'GGA', 'CCC', 'UUA', 'CGG', 'AUG', 'GUG', 'CUA', 'GCA', 'UUC', 'AUC', 'ACG', 'UUU', 'UUG', 'CGA', 'GUC', 'CUU', 'UCC', 'AUC', 'CCA', 'CCA', 'ACA', 'GCA', 'GGG', 'AUU', 'CUG', 'AAG', 'AGA', 'UGG', 'GGA', 'CAG', 'UUG', 'AAG', 'AAA', 'AAU', 'AAG', 'GCC', 'AUC', 'AAG', 'AUA', 'CUG', 'AUU', 'GGA', 'UUC', 'AGG', 'AAG', 'GAG', 'AUA', 'GGC', 'CGC', 'AUG', 'CUG', 'AAC', 'AUC', 'UUG', 'AAC', 'GGG', 'AGA', 'AAA', 'AGG', 'UCA', 'ACG', 'AUA', 'ACA', 'UUG', 'UUG', 'UGC', 'UUG', 'AUU', 'CCC', 'ACC', 'GCA', 'AUG', 'GCG']",4,Classica,Classica
"['AUG', 'AAC', 'CAA', 'CGA', 'AAA', 'AAG', 'GUG', 'GUU', 'AGA', 'CCA', 'CCU', 'UUC', 'AAU', 'AUG', 'CUG', 'AAA', 'CGC', 'GAG', 'AGA', 'AAC', 'CGC', 'GUA', 'UCA', 'ACC', 'CCU', 'CAA', 'GGG', 'UUG', 'GUG', 'AAG', 'AGA', 'UUC', 'UCA', 'ACC', 'GGA', 'CUU', 'UUU', 'UCU', 'GGG', 'AAA', 'GGA', 'CCC', 'UUA', 'CGG', 'AUG', 'GUG', 'CUA', 'GCA', 'CUC', 'AUC', 'ACG', 'UUU', 'UUG', 'CGA', 'GUC', 'CUU', 'UCC', 'AUC', 'CCA', 'CCA', 'ACA', 'GCA', 'GGG', 'AUU', 'CUG', 'AAG', 'AGA', 'UGG', 'GGA', 'CAG', 'UUG', 'AAG', 'AAA', 'AAU', 'AAG', 'GCC', 'AUC', 'AAG', 'AUA', 'CUG', 'AUU', 'GGA', 'UUC', 'AGG', 'AAG', 'GAG', 'AUA', 'GGC', 'CGC', 'AUG', 'CUG', 'AAC', 'AUC', 'UUG', 'AAC', 'GGG', 'AGA', 'AAA', 'AGG', 'UCA', 'ACG', 'AUA', 'ACA', 'UUG', 'UUG', 'UGC', 'UUG', 'AUU', 'CCC', 'ACC', 'GUA', 'AUG', 'GCG']",4,Classica,Classica
"['AUG', 'AAC', 'CAA', 'CGA', 'AAA', 'AAG', 'GUG', 'GUU', 'AGA', 'CCA', 'CCU', 'UUC', 'AAU', 'AUG', 'CUG', 'AAA', 'CGC', 'GAG', 'AGA', 'AAC', 'CGC', 'GUA', 'UCA', 'ACC', 'CCU', 'CAA', 'GGG', 'UUG', 'GUG', 'AAG', 'AGA', 'UUC', 'UCA', 'ACC', 'GGA', 'CUU', 'UUU', 'UCU', 'GGG', 'AAA', 'GGA', 'CCC', 'UUA', 'CGG', 'AUG', 'GUG', 'CUA', 'GCA', 'UUC', 'AUC', 'ACG', 'UUU', 'UUG', 'CGA', 'GUC', 'CUU', 'UCC', 'AUC', 'CCA', 'CCA', 'ACA', 'GCA', 'GGG', 'AUU', 'CUG', 'AAG', 'AGA', 'UGG', 'GGA', 'CAG', 'UUG', 'AAG', 'AAA', 'AAU', 'AAG', 'GCC', 'AUC', 'AAG', 'AUA', 'CUG', 'AUU', 'GGA', 'UUC', 'AGG', 'AAG', 'GAG', 'AUA', 'GGU', 'CGC', 'AUG', 'CUG', 'AAC', 'AUC', 'UUG', 'AAC', 'GGG', 'AGA', 'AAA', 'AGG', 'UCA', 'ACG', 'AUA', 'ACA', 'UUG', 'UUG', 'UGC', 'UUG', 'AUU', 'CCC', 'ACC', 'GUA', 'AUG', 'GCG']",4,Classica,Classica
"['AUG', 'AAC', 'CAA', 'CGA', 'AAA', 'AAG', 'GUG', 'GUU', 'AGA', 'CCA', 'CCU', 'UUC', 'AAU', 'AUG', 'CUG', 'AAA', 'CGC', 'GAG', 'AGA', 'AAC', 'CGC', 'GUA', 'UCA', 'ACC', 'CCU', 'CAA', 'GGG', 'UUG', 'GUG', 'AAG', 'AGA', 'UUC', 'UCA', 'ACC', 'GGA', 'CUU', 'UUU', 'UCU', 'GGG', 'AAA', 'GGA', 'CCC', 'UUA', 'CGG', 'AUG', 'GUG', 'CUA', 'GCA', 'UUC', 'AUC', 'ACG', 'UUU', 'UUG', 'CGA', 'GUC', 'CUU', 'UCC', 'AUC', 'CCA', 'CCA', 'ACA', 'GCA', 'GGG', 'AUU', 'CUG', 'AAG', 'AGA', 'UGG', 'GGA', 'CAG', 'UUG', 'AAG', 'AAA', 'AAU', 'AAG', 'GCU', 'AUC', 'AAG', 'AUA', 'CUG', 'AUU', 'GGA', 'UUC', 'AGG', 'AAG', 'GAG', 'AUA', 'GGC', 'CGC', 'AUG', 'CUG', 'AAC', 'AUC', 'UUG', 'AAC', 'GGG', 'AGA', 'AAA', 'AGG', 'UCA', 'ACG', 'AUA', 'ACA', 'UUG', 'UUG', 'UGC', 'UUG', 'AUU', 'CCC', 'ACC', 'GUA', 'AUG', 'GCG']",4,Classica,Classica
"['AUG', 'AAC', 'CAA', 'CGA', 'AAA', 'AAG', 'GUG', 'GUU', 'AGA', 'CCA', 'CCU', 'UUC', 'AAU', 'AUG', 'CUG', 'AAA', 'CGC', 'GAG', 'AGA', 'AAC', 'CGC', 'GUA', 'UCA', 'ACC', 'CCU', 'CAA', 'GGG', 'UUG', 'GUG', 'AAG', 'AGA', 'UUC', 'UCG', 'ACC', 'GGA', 'CUU', 'UUU', 'UCU', 'GGG', 'AAA', 'GGA', 'CCC', 'UUA', 'CGG', 'AUG', 'GUG', 'CUA', 'GCA', 'UUC', 'AUC', 'ACG', 'UUU', 'UUG', 'CGA', 'GUC', 'CUU', 'UCC', 'AUC', 'CCA', 'CCA', 'ACA', 'GCA', 'GGG', 'AUU', 'CUG', 'AAG', 'AGA', 'UGG', 'GGA', 'CAG', 'UUG', 'AAG', 'AAA', 'AAU', 'AAG', 'GCC', 'AUC', 'AAG', 'AUA', 'CUG', 'AUU', 'GGA', 'UUC', 'AGG', 'AAG', 'GAG', 'AUA', 'GGC', 'CGC', 'AUG', 'CUG', 'AAC', 'AUC', 'UUG', 'AAC', 'GGG', 'AGA', 'AAA', 'AGG', 'UCA', 'ACG', 'AUA', 'ACA', 'UUG', 'UUG', 'UGC', 'UUG', 'AUU', 'CCC', 'ACC', 'GUA', 'AUG', 'GCG']",4,Classica,Classica
"['AUG', 'AAC', 'CAA', 'CGA', 'AAA', 'AAG', 'GUG', 'GUU', 'AGG', 'CCA', 'CCU', 'UUC', 'AAU', 'AUG', 'CUG', 'AAA', 'CGC', 'GAG', 'AGA', 'AAC', 'CGC', 'GUA', 'UCA', 'ACC', 'CCU', 'CAA', 'GGG', 'UUG', 'GUG', 'AAG', 'AGA', 'UUC', 'UCA', 'AUC', 'GGA', 'CUC', 'UUC', 'UCC', 'GGG', 'AAA', 'GGA', 'CCC', 'UUA', 'CGG', 'AUG', 'GUG', 'CUA', 'GCA', 'UUC', 'AUU', 'ACG', 'UUU', 'UUG', 'CGA', 'GUU', 'CUU', 'UCC', 'AUC', 'CCG', 'CCA', 'ACA', 'GCA', 'GGG', 'AUU', 'CUG', 'AAA', 'AGA', 'UGG', 'GGA', 'CAG', 'UUG', 'AAA', 'AAG', 'AAU', 'AAG', 'GCC', 'AUC', 'AAG', 'AUA', 'CUG', 'AUU', 'GGA', 'UUC', 'AGG', 'AAG', 'GAG', 'AUA', 'GGU', 'CGC', 'AUG', 'UUA', 'AAC', 'AUC', 'UUG', 'AAC', 'AGG', 'AGA', 'AGA', 'AGA', 'UCA', 'ACA', 'AUG', 'ACA', 'UUG', 'CUG', 'UGU', 'UUG', 'AUU', 'CCC', 'ACC', 'GUA', 'AUG', 'GCG']",4,Classica,Classica
"['AUG', 'AAC', 'CAA', 'CGA', 'AAG', 'AAG', 'GUG', 'GCU', 'AGA', 'CCA', 'CCU', 'UUC', 'AAU', 'AUG', 'CUG', 'AAA', 'CGC', 'GAG', 'AGA', 'AAC', 'CGC', 'GUA', 'UCA', 'ACC', 'CCU', 'CAA', 'GGG', 'UUG', 'GUG', 'AAG', 'AGA', 'UUC', 'UCG', 'ACU', 'GGA', 'CUU', 'UUU', 'UCC', 'GGG', 'AAA', 'GGA', 'CCC', 'UUA', 'CGG', 'AUG', 'GUG', 'UUG', 'GCA', 'UUC', 'AUC', 'ACG', 'UUU', 'UUG', 'AGA', 'GUU', 'CUU', 'UCC', 'AUC', 'CCA', 'CCA', 'ACA', 'GCA', 'GGG', 'AUU', 'CUA', 'AAA', 'AGA', 'UGG', 'GGA', 'CAG', 'UUA', 'AAG', 'AAA', 'AAC', 'AAG', 'GCC', 'AUA', 'AAG', 'AUA', 'CUA', 'ACU', 'GGA', 'UUC', 'AGG', 'AAG', 'GAG', 'AUA', 'GGC', 'CGC', 'AUG', 'CUG', 'AAC', 'AUC', 'UUG', 'AAU', 'GGA', 'AGG', 'AAA', 'AGG', 'UCA', 'ACA', 'AUA', 'ACA', 'CUG', 'CUG', 'UGC', 'UUG', 'AUU', 'CCC', 'ACU', 'GUA', 'AUG', 'GCG']",4,Severa,Severa
"['AUG', 'AAC', 'CAA', 'CGG', 'AAA', 'AAG', 'GUG', 'GUC', 'AGA', 'CCA', 'CCU', 'UUC', 'AAU', 'AUG', 'CUG', 'AAA', 'CGC', 'GAG', 'AGA', 'AAC', 'CGC', 'GUA', 'UCA', 'ACC', 'CCU', 'CAA', 'GGG', 'UUG', 'GUG', 'AAG', 'AGA', 'UUC', 'UCA', 'ACC', 'GGA', 'CUC', 'UUU', 'UCC', 'GGG', 'AAA', 'GGA', 'CCC', 'UUA', 'CGG', 'AUG', 'GUG', 'UUA', 'GCA', 'UUC', 'AUC', 'ACG', 'UUU', 'CUG', 'CGA', 'GUC', 'CUU', 'UCC', 'AUC', 'CCA', 'CCA', 'ACA', 'GCA', 'GGG', 'AUU', 'CUG', 'AAA', 'AGA', 'UGG', 'GGA', 'CAG', 'UUA', 'AAG', 'AAA', 'AAU', 'AAG', 'GCC', 'AUC', 'AAA', 'AUA', 'CUG', 'ACU', 'GGA', 'UUC', 'AGA', 'AAG', 'GAG', 'AUA', 'GGC', 'CGU', 'AUG', 'CUG', 'AAC', 'AUC', 'UUG', 'AAU', 'GGA', 'AGG', 'AAA', 'AGG', 'UCA', 'ACA', 'AUA', 'ACA', 'UUG', 'UUG', 'UGC', 'UUG', 'AUU', 'CCC', 'ACC', 'GUA', 'AUG', 'GCG']",4,Classica,Classica
"['AUG', 'AAU', 'AAC', 'CAA', 'CGA', 'AAA', 'AAG', 'GCG', 'AGA', 'AAU', 'ACG', 'CCU', 'UUC', 'AAU', 'AUG', 'CUG', 'AAA', 'CGC', 'GAG', 'AGA', 'AAC', 'CGC', 'GUG', 'UCA', 'ACU', 'GUG', 'CAA', 'CAG', 'CUG', 'ACA', 'AAG', 'AGA', 'UUC', 'UCA', 'CUU', 'GGA', 'AUG', 'CUG', 'CAG', 'GGA', 'CGA', 'GGA', 'CCG', 'UUG', 'AAA', 'CUG', 'UUC', 'AUG', 'GCC', 'UUG', 'GUA', 'GCA', 'UUC', 'CUU', 'CGU', 'UUC', 'CUA', 'ACA', 'AUC', 'CCA', 'CCA', 'ACA', 'GCA', 'GGG', 'AUA', 'CUA', 'AAA', 'AGA', 'UGG', 'GGA', 'ACA', 'AUC', 'AAA', 'AAG', 'UCA', 'AAG', 'GCC', 'AUC', 'AAU', 'GUC', 'UUG', 'AGA', 'GGG', 'UUC', 'AGG', 'AAA', 'GAG', 'AUU', 'GGA', 'AGG', 'AUG', 'CUG', 'AAC', 'AUC', 'UUG', 'AAU', 'AGG', 'AGA', 'CGC', 'AGA', 'ACC', 'GCA', 'GGC', 'GUG', 'AUC', 'AUC', 'AUG', 'CUG', 'AUU', 'CCA', 'ACA', 'GCG', 'AUG', 'GCG']",2,Classica,Classica
"['AUG', 'AAU', 'AAC', 'CAA', 'CGA', 'AAA', 'AAG', 'GCG', 'AGA', 'AAU', 'ACG', 'CCU', 'UUC', 'AAU', 'AUG', 'CUG', 'AAA', 'CGC', 'GAG', 'AGA', 'AAC', 'CGC', 'GUG', 'UCA', 'ACU', 'GUG', 'CAA', 'CAG', 'CUG', 'ACA', 'AAG', 'AGA', 'UUC', 'UCA', 'CUU', 'GGA', 'AUG', 'CUG', 'CAG', 'GGA', 'CGA', 'GGA', 'CCG', 'UUG', 'AAA', 'CUG', 'UUC', 'AUG', 'GCC', 'UUG', 'GUG', 'GCA', 'UUC', 'CUU', 'CGU', 'UUC', 'CUA', 'ACA', 'AUC', 'CCA', 'CCA', 'ACA', 'GCA', 'GGG', 'AUA', 'CUA', 'AAA', 'AGA', 'UGG', 'GGA', 'ACA', 'AUC', 'AAA', 'AAG', 'UCA', 'AAG', 'GCC', 'AUC', 'AAU', 'GUC', 'UUG', 'AGA', 'GGG', 'UUC', 'AGG', 'AAA', 'GAG', 'AUU', 'GGA', 'AGG', 'AUG', 'CUG', 'AAC', 'AUC', 'UUG', 'AAU', 'AGG', 'AGA', 'CGC', 'AGA', 'ACC', 'GCA', 'GGC', 'GUG', 'AUC', 'AUC', 'AUG', 'CGG', 'AUU', 'CCA', 'ACA', 'GCA', 'AUG', 'GCG']",2,Classica,Classica
"['AUG', 'AAU', 'AAC', 'CAA', 'CGA', 'AAA', 'AAG', 'GCG', 'AGA', 'AAU', 'ACG', 'CCU', 'UUC', 'AAU', 'AUG', 'CUG', 'AAA', 'CGC', 'GAG', 'AGA', 'AAC', 'CGC', 'GUG', 'UCA', 'ACU', 'GUG', 'CAA', 'CAG', 'CUG', 'ACA', 'AAG', 'AGA', 'UUC', 'UCA', 'CUU', 'GGA', 'AUG', 'CUG', 'CAG', 'GGA', 'CGA', 'GGA', 'CCG', 'UUG', 'AAA', 'CUG', 'UUC', 'AUG', 'GCC', 'UUG', 'GUG', 'GCA', 'UUC', 'CUU', 'CGU', 'UUC', 'CUA', 'ACA', 'AUC', 'CCA', 'CCA', 'ACA', 'GCA', 'GGG', 'AUA', 'CUA', 'AAA', 'AGA', 'UGG', 'GGA', 'ACA', 'AUC', 'AAA', 'AAG', 'UCA', 'AAG', 'GCC', 'AUC', 'AAU', 'GUC', 'UUG', 'AGA', 'GGG', 'UUC', 'AGG', 'AAA', 'GAG', 'AUU', 'GGA', 'AGG', 'AUG', 'CUG', 'AAC', 'AUC', 'UUG', 'AAU', 'AGG', 'AGA', 'CGC', 'AGA', 'ACC', 'GCA', 'GGC', 'GUG', 'AUC', 'AUC', 'AUG', 'CUG', 'AUU', 'CCA', 'ACA', 'GCG', 'AUG', 'GCG']",2,Severa,Severa
"['AUG', 'AAU', 'AAC', 'CAA', 'CGA', 'AAA', 'AAG', 'GCG', 'AGA', 'AAU', 'ACG', 'CCU', 'UUC', 'AAU', 'AUG', 'CUG', 'AAA', 'CGC', 'GAG', 'AGA', 'AAC', 'CGC', 'GUG', 'UCA', 'ACU', 'GUG', 'CAA', 'CAG', 'CUG', 'ACA', 'AAG', 'AGA', 'UUC', 'UCA', 'CUU', 'GGA', 'AUG', 'CUG', 'CAG', 'GGA', 'CGA', 'GGA', 'CCG', 'UUG', 'AAA', 'CUG', 'UUC', 'AUG', 'GCC', 'UUG', 'GUG', 'GCA', 'UUC', 'CUU', 'CGU', 'UUC', 'CUA', 'ACA', 'AUC', 'CCA', 'CCA', 'ACA', 'GCA', 'GGG', 'AUA', 'CUG', 'AAA', 'AGA', 'UGG', 'GGA', 'ACA', 'AUC', 'AAA', 'AAG', 'UCA', 'AAG', 'GCC', 'AUC', 'AAU', 'GUC', 'UUG', 'AGA', 'GGG', 'UUC', 'AGG', 'AAA', 'GAG', 'AUU', 'GGA', 'AGG', 'AUG', 'CUG', 'AAC', 'AUC', 'UUG', 'AAU', 'AGG', 'AGA', 'CGC', 'AGA', 'ACC', 'GCA', 'GGC', 'GUG', 'AUC', 'AUC', 'AUG', 'CUG', 'AUU', 'CCA', 'ACA', 'GCG', 'AUG', 'GCG']",2,Classica,Classica
"['AUG', 'AAU', 'AAC', 'CAA', 'CGA', 'AAA', 'AAG', 'GCG', 'AGA', 'AAU', 'ACG', 'CCU', 'UUC', 'AAU', 'AUG', 'CUG', 'AAA', 'CGC', 'GAG', 'AGA', 'AAC', 'CGC', 'GUG', 'UCA', 'ACU', 'GUG', 'CAA', 'CAG', 'CUG', 'ACA', 'AAG', 'AGA', 'UUC', 'UCA', 'CUU', 'GGA', 'AUG', 'CUG', 'CAG', 'GGA', 'CGA', 'GGA', 'CCG', 'UUG', 'AAA', 'CUG', 'UUC', 'AUG', 'GCC', 'UUG', 'GUG', 'GCA', 'UUC', 'CUU', 'CGU', 'UUC', 'CUA', 'ACA', 'AUC', 'CCA', 'CCA', 'ACA', 'GCC', 'GGG', 'AUA', 'CUA', 'AAA', 'AGA', 'UGG', 'GGA', 'ACA', 'AUC', 'AAA', 'AAG', 'UCA', 'AAG', 'GCC', 'AUC', 'AAU', 'GUC', 'UUG', 'AGA', 'GGG', 'UUC', 'AGG', 'AAA', 'GAG', 'AUU', 'GGA', 'AGG', 'AUG', 'CUG', 'AAC', 'AUC', 'UUG', 'AAU', 'AGG', 'AGA', 'CGC', 'AGA', 'ACC', 'GCA', 'GGC', 'GUG', 'AUC', 'AUC', 'AUG', 'CUG', 'AUU', 'CCA', 'ACA', 'GCG', 'AUG', 'GCG']",2,Classica,Classica
"['AUG', 'AAU', 'AAC', 'CAA', 'CGA', 'AAA', 'AAG', 'GCG', 'AGA', 'AAU', 'ACG', 'CCU', 'UUC', 'AAU', 'AUG', 'CUG', 'AAA', 'CGC', 'GAG', 'AGA', 'AAC', 'CGC', 'GUG', 'UCA', 'ACU', 'GUG', 'CAG', 'CAG', 'CUG', 'ACA', 'AAG', 'AGA', 'UUC', 'UCA', 'CUU', 'GGA', 'AUG', 'CUG', 'CAG', 'GGA', 'CGA', 'GGA', 'CCA', 'UUG', 'AAA', 'CUG', 'UUC', 'AUG', 'GCC', 'CUG', 'GUG', 'GCA', 'UUC', 'CUU', 'CGU', 'UUC', 'CUA', 'ACA', 'AUC', 'CCG', 'CCA', 'ACA', 'GCA', 'GGG', 'AUA', 'UUA', 'AAA', 'AGA', 'UGG', 'GGA', 'ACA', 'AUC', 'AAA', 'AAA', 'UCA', 'AAG', 'GCU', 'AUC', 'AAU', 'GUC', 'UUA', 'AGA', 'GGG', 'UUC', 'AGG', 'AAA', 'GAG', 'AUU', 'GGA', 'AGG', 'AUG', 'CUG', 'AAC', 'AUC', 'UUG', 'AAC', 'AGG', 'AGA', 'CGC', 'AGA', 'ACU', 'GCA', 'GGU', 'GUA', 'AUC', 'AUU', 'AUG', 'AUG', 'AUU', 'CCA', 'ACA', 'GUG', 'GUG', 'GCG']",2,Classica,Classica
"['AUG', 'AAU', 'AAC', 'CAA', 'CGA', 'AAA', 'AAG', 'GCG', 'AGA', 'AAU', 'ACG', 'CCU', 'UUC', 'AAU', 'AUG', 'CUG', 'AAA', 'CGC', 'GAG', 'AGA', 'AAC', 'CGC', 'GUG', 'UCA', 'ACU', 'GUG', 'CAG', 'CAG', 'CUG', 'ACA', 'AAG', 'AGA', 'UUC', 'UCA', 'CUU', 'GGA', 'AUG', 'CUG', 'CAG', 'GGA', 'CGA', 'GGA', 'CCA', 'UUG', 'AAA', 'CUG', 'UUC', 'AUG', 'GCC', 'CUG', 'GUG', 'GCA', 'UUC', 'CUU', 'CGU', 'UUC', 'CUA', 'ACA', 'AUC', 'CCG', 'CCA', 'ACA', 'GCA', 'GGG', 'AUA', 'UUA', 'AAA', 'AGA', 'UGG', 'GGA', 'ACA', 'AUC', 'AAA', 'AAA', 'UCA', 'AAG', 'GCU', 'AUC', 'AAU', 'GUC', 'UUG', 'AGA', 'GGG', 'UUC', 'AGG', 'AAA', 'GAG', 'AUU', 'GGA', 'AGG', 'AUG', 'CUG', 'AAC', 'AUC', 'AUG', 'AAC', 'AGG', 'AGA', 'CGC', 'AGA', 'ACU', 'GCA', 'GGU', 'GUA', 'AUC', 'AUU', 'AUG', 'AUG', 'AUU', 'CCA', 'ACA', 'GUG', 'GUG', 'GCG']",2,Classica,Classica
"['AUG', 'AAU', 'AAC', 'CAA', 'CGA', 'AAA', 'AAG', 'GCG', 'AGA', 'AAU', 'ACG', 'CCU', 'UUC', 'AAU', 'AUG', 'CUG', 'AAA', 'CGC', 'GAG', 'AGA', 'AAC', 'CGC', 'GUG', 'UCA', 'ACU', 'GUG', 'CAG', 'CAG', 'CUG', 'ACA', 'AAG', 'AGA', 'UUC', 'UCA', 'CUU', 'GGA', 'AUG', 'CUG', 'CAG', 'GGA', 'CGA', 'GGA', 'CCA', 'UUG', 'AAA', 'CUG', 'UUC', 'AUG', 'GCC', 'CUG', 'GUG', 'GCA', 'UUC', 'CUU', 'CGU', 'UUC', 'CUA', 'ACA', 'AUC', 'CCG', 'CCA', 'ACA', 'GCA', 'GGG', 'AUA', 'UUA', 'AAA', 'AGA', 'UGG', 'GGA', 'ACA', 'AUC', 'AAA', 'AAA', 'UCA', 'AAG', 'GCU', 'AUC', 'AAU', 'GUC', 'UUG', 'AGA', 'GGG', 'UUC', 'AGG', 'AAA', 'GAG', 'AUU', 'GGA', 'AGG', 'AUG', 'CUG', 'AAC', 'AUC', 'UUG', 'AAC', 'AGG', 'AGA', 'CGC', 'AGA', 'ACU', 'GCA', 'GGU', 'GUG', 'AUC', 'AUC', 'AUG', 'AUG', 'AUU', 'CCA', 'ACA', 'GUG', 'GUG', 'GCG']",2,Classica,Classica
"['AUG', 'AAU', 'AAC', 'CAA', 'CGA', 'AAA', 'AAG', 'GCG', 'AGA', 'AAU', 'ACG', 'CCU', 'UUC', 'AAU', 'AUG', 'CUG', 'AAA', 'CGC', 'GAG', 'AGA', 'AAC', 'CGC', 'GUG', 'UCG', 'ACU', 'GUA', 'CAA', 'CAG', 'CUG', 'ACA', 'AAG', 'AGA', 'UUC', 'UCA', 'CUU', 'GGA', 'AUG', 'CUG', 'CAG', 'GGA', 'CGA', 'GGA', 'CCA', 'UUA', 'AAA', 'CUG', 'UUC', 'ACG', 'GCC', 'CUG', 'GUG', 'GCG', 'UUC', 'CUU', 'CGU', 'UUC', 'CUA', 'ACA', 'AUC', 'CCA', 'CCA', 'ACA', 'GCA', 'GGG', 'AUA', 'CUG', 'AAG', 'AGA', 'UGG', 'GGA', 'ACA', 'AUU', 'AAA', 'AAA', 'UCA', 'AAA', 'GCC', 'AUU', 'AAU', 'GUU', 'UUG', 'AGA', 'GGG', 'UUC', 'AGG', 'AAA', 'GAG', 'AUU', 'GGA', 'AGG', 'AUG', 'CUG', 'AAC', 'AUC', 'UUG', 'AAC', 'AGG', 'AGA', 'CGC', 'AGA', 'ACU', 'GCA', 'GGC', 'AUG', 'AUC', 'AUU', 'AUG', 'CUG', 'AUU', 'CCA', 'ACA', 'GUG', 'AUG', 'GCG']",2,Classica,Classica
"['AUG', 'AAU', 'AAC', 'CAA', 'CGA', 'AAA', 'AAG', 'GCG', 'AGA', 'AAU', 'ACG', 'CCU', 'UUC', 'AAU', 'AUG', 'CUG', 'AAA', 'CGC', 'GAG', 'AGA', 'AAC', 'CGC', 'GUG', 'UCG', 'ACU', 'GUA', 'CAA', 'CAG', 'CUG', 'ACA', 'AAG', 'AGA', 'UUC', 'UCA', 'CUU', 'GGA', 'AUG', 'CUG', 'CAG', 'GGA', 'CGA', 'GGA', 'CCA', 'UUA', 'AAA', 'CUG', 'UUC', 'AUG', 'GCC', 'CUG', 'GUG', 'GCG', 'UUC', 'CUU', 'CGU', 'UUC', 'CUA', 'ACA', 'AUC', 'CCA', 'CCA', 'ACA', 'GCA', 'GGG', 'AUA', 'CUG', 'AAG', 'AGA', 'UGG', 'GGA', 'ACA', 'AUU', 'AAA', 'AAA', 'UCA', 'AAA', 'GCC', 'AUU', 'AAU', 'GUU', 'UUG', 'AGA', 'GGG', 'UUC', 'AGG', 'AAA', 'GAG', 'AUU', 'GGA', 'AGG', 'AUG', 'CUG', 'AAC', 'AUC', 'UUG', 'AAC', 'AGG', 'AGA', 'CGC', 'AGA', 'ACU', 'GCA', 'GGC', 'AUG', 'AUC', 'AUU', 'AUG', 'CUG', 'AUU', 'CCA', 'ACA', 'GUG', 'AUG', 'GCG']",2,Classica,Classica
"['AUG', 'AAU', 'AAC', 'CAA', 'CGA', 'AAA', 'AAG', 'GCG', 'AGA', 'AAU', 'ACG', 'CCU', 'UUC', 'AAU', 'AUG', 'CUG', 'AAA', 'CGC', 'GAG', 'AGA', 'AAC', 'CGC', 'GUG', 'UCG', 'ACU', 'GUG', 'CAA', 'CAG', 'CUG', 'ACA', 'AAG', 'AGA', 'UUC', 'UCA', 'CUU', 'GGA', 'AUG', 'CUG', 'CAG', 'GGA', 'CGA', 'GGA', 'CCG', 'UUG', 'AAA', 'CUG', 'UUC', 'AUG', 'GCC', 'CUG', 'GUA', 'GCA', 'UUC', 'CUU', 'CGU', 'UUC', 'CUA', 'ACA', 'AUC', 'CCA', 'CCA', 'ACA', 'GUA', 'GGG', 'AUU', 'UUA', 'AAA', 'AGA', 'UGG', 'GGA', 'ACG', 'AUC', 'AAA', 'AAG', 'UCA', 'AAG', 'GCU', 'AUC', 'AAU', 'GUC', 'UUG', 'AGA', 'GGG', 'UUC', 'AGG', 'AAA', 'GAG', 'AUA', 'GGA', 'AGG', 'AUG', 'CUG', 'AAC', 'AUC', 'UUG', 'AAU', 'AGG', 'AGA', 'CGU', 'AGA', 'UCU', 'GCA', 'GGC', 'AUG', 'AUC', 'AUC', 'AUG', 'CUG', 'AUU', 'CCA', 'ACA', 'GCG', 'AUG', 'GCG']",2,Classica,Classica
"['AUG', 'AAU', 'AAC', 'CAA', 'CGA', 'AAA', 'AAG', 'GCG', 'AGA', 'AGU', 'ACG', 'CCU', 'UUC', 'AAU', 'AUG', 'CUG', 'AAA', 'CGC', 'GAG', 'AGA', 'AAC', 'CGC', 'GUG', 'UCA', 'ACU', 'GUG', 'CAA', 'CAG', 'CUG', 'ACA', 'AAG', 'AGA', 'UUC', 'UCA', 'CUU', 'GGA', 'AUG', 'CUG', 'CAA', 'GGA', 'CGC', 'GGA', 'CCA', 'UUA', 'AAA', 'CUG', 'UUC', 'AUG', 'GCC', 'CUU', 'GUG', 'GCG', 'UUC', 'CUU', 'CGU', 'UUC', 'CUA', 'ACA', 'AUC', 'CCA', 'CCA', 'ACA', 'GCA', 'GGG', 'AUA', 'CUA', 'AAA', 'AGA', 'UGG', 'GGA', 'ACG', 'AUC', 'AAA', 'AAA', 'UCA', 'AAA', 'GCU', 'AUC', 'AAU', 'GUU', 'UUG', 'AGA', 'GGG', 'UUC', 'AGG', 'AAA', 'GAG', 'AUU', 'GGA', 'AGG', 'AUG', 'UUG', 'AAC', 'AUC', 'UUG', 'AAC', 'AAG', 'AGA', 'CGC', 'AGG', 'ACA', 'GCA', 'GGC', 'GUG', 'AUU', 'GUU', 'AUG', 'UUG', 'AUU', 'CCA', 'ACA', 'GCG', 'AUG', 'GCG']",2,Classica,Classica
"['AUG', 'AAU', 'AAC', 'CAA', 'CGA', 'AAA', 'AAG', 'GCG', 'AGA', 'AGU', 'ACG', 'CCU', 'UUC', 'AAU', 'AUG', 'CUG', 'AAA', 'CGC', 'GAG', 'AGA', 'AAC', 'CGC', 'GUG', 'UCA', 'ACU', 'GUG', 'CAA', 'CAG', 'CUG', 'ACA', 'AAG', 'AGA', 'UUC', 'UCA', 'CUU', 'GGA', 'AUG', 'CUG', 'CAA', 'GGA', 'CGC', 'GGA', 'CCA', 'UUA', 'AAA', 'CUG', 'UUC', 'AUG', 'GCC', 'CUU', 'GUG', 'GCG', 'UUC', 'CUU', 'CGU', 'UUC', 'CUA', 'ACA', 'AUC', 'CCA', 'CCA', 'ACA', 'GCA', 'GGG', 'AUA', 'CUA', 'AAG', 'AGA', 'UGG', 'GGA', 'ACG', 'AUC', 'AAA', 'AAA', 'UCA', 'AAA', 'GCU', 'AUC', 'AAU', 'GUU', 'UUG', 'AGA', 'GGG', 'UUC', 'AGG', 'AAA', 'GAG', 'AUU', 'GGA', 'AGG', 'AUG', 'CUG', 'AAC', 'AUC', 'UUG', 'AAC', 'AGG', 'AGA', 'CGC', 'AGG', 'ACA', 'GCA', 'GGC', 'GUG', 'AUU', 'GUU', 'AUG', 'UUG', 'AUU', 'CCA', 'ACA', 'GCG', 'AUG', 'GCG']",2,Severa,Severa
"['AUG', 'AAU', 'AAC', 'CAA', 'CGA', 'AAA', 'AAG', 'GCG', 'AGA', 'AGU', 'ACG', 'CCU', 'UUC', 'AAU', 'AUG', 'CUG', 'AAA', 'CGC', 'GAG', 'AGA', 'AAC', 'CGC', 'GUG', 'UCA', 'ACU', 'GUG', 'CAA', 'CAG', 'CUG', 'ACA', 'AAG', 'AGA', 'UUC', 'UCA', 'CUU', 'GGA', 'AUG', 'CUG', 'CAA', 'GGA', 'CGC', 'GGA', 'CCA', 'UUA', 'AAA', 'CUG', 'UUC', 'AUG', 'GCC', 'CUU', 'GUG', 'GCG', 'UUC', 'CUU', 'CGU', 'UUC', 'CUG', 'ACA', 'AUC', 'CCA', 'CCA', 'ACA', 'GCA', 'GGG', 'AUA', 'CUA', 'AAA', 'AGA', 'UGG', 'GGA', 'ACG', 'AUC', 'AAA', 'AAA', 'UCA', 'AAA', 'GCC', 'AUC', 'AAU', 'GUU', 'UUG', 'AGA', 'GGG', 'UUC', 'AGG', 'AAA', 'GAG', 'AUU', 'GGA', 'AGG', 'AUG', 'CUG', 'AAC', 'AUC', 'UUG', 'AAC', 'AGG', 'AGA', 'CGC', 'AGG', 'ACA', 'GCA', 'GGC', 'GUG', 'AUC', 'GUU', 'AUG', 'UUG', 'AUU', 'CCA', 'ACA', 'GCG', 'AUG', 'GCG']",2,Classica,Classica
"['AUG', 'AAU', 'AAC', 'CAA', 'CGA', 'AAA', 'AAG', 'GCG', 'AGA', 'AGU', 'ACG', 'CCU', 'UUC', 'AAU', 'AUG', 'CUG', 'AAA', 'CGC', 'GAG', 'AGA', 'AAC', 'CGC', 'GUG', 'UCA', 'ACU', 'GUG', 'CAA', 'CAG', 'CUG', 'ACA', 'AAG', 'AGA', 'UUC', 'UCA', 'CUU', 'GGA', 'AUG', 'CUG', 'CAA', 'GGA', 'CGC', 'GGA', 'CCA', 'UUA', 'AAA', 'CUG', 'UUC', 'AUG', 'GCC', 'CUU', 'GUG', 'GCG', 'UUC', 'CUU', 'CGU', 'UUC', 'CUG', 'ACA', 'AUC', 'CCA', 'CCA', 'ACA', 'GCA', 'GGG', 'AUA', 'CUA', 'AAA', 'AGA', 'UGG', 'GGA', 'ACG', 'AUC', 'AAA', 'AAA', 'UCA', 'AAA', 'GCU', 'AUC', 'AAU', 'GUU', 'CUG', 'AGA', 'GGG', 'UUC', 'AGG', 'AAA', 'GAG', 'AUU', 'GGA', 'AGG', 'AUG', 'CUG', 'AAC', 'AUC', 'UUG', 'AAC', 'AGG', 'AGA', 'CGC', 'AGG', 'ACA', 'GCA', 'GGC', 'GUG', 'AUC', 'GUU', 'AUG', 'UUG', 'AUU', 'CCA', 'ACA', 'GCG', 'AUG', 'GCG']",2,Classica,Classica
"['AUG', 'AAU', 'AAC', 'CAA', 'CGA', 'AAA', 'AAG', 'GCG', 'AGA', 'AGU', 'ACG', 'CCU', 'UUC', 'AAU', 'AUG', 'CUG', 'AAA', 'CGC', 'GAG', 'AGA', 'AAC', 'CGC', 'GUG', 'UCA', 'ACU', 'GUG', 'CAA', 'CAG', 'CUG', 'ACA', 'AAG', 'AGA', 'UUC', 'UCA', 'CUU', 'GGA', 'AUG', 'CUG', 'CAA', 'GGA', 'CGC', 'GGA', 'CCA', 'UUA', 'AAA', 'CUG', 'UUC', 'AUG', 'GCC', 'CUU', 'GUG', 'GCG', 'UUC', 'CUU', 'CGU', 'UUC', 'CUG', 'ACA', 'AUC', 'CCA', 'CCA', 'ACA', 'GCA', 'GGG', 'AUA', 'CUA', 'AAA', 'AGA', 'UGG', 'GGA', 'ACG', 'AUC', 'AAA', 'AAA', 'UCA', 'AAA', 'GCU', 'AUC', 'AAU', 'GUU', 'UUG', 'AGA', 'GGG', 'UUC', 'AGG', 'AAA', 'GAG', 'AUU', 'GGA', 'AGG', 'AUG', 'CUG', 'AAC', 'AUC', 'UUG', 'AAC', 'AGG', 'AGA', 'CGC', 'AGG', 'ACA', 'GCA', 'GGC', 'GUG', 'AUC', 'AUU', 'AUG', 'UUG', 'AUU', 'CCA', 'ACA', 'GCG', 'AUG', 'GCG']",2,Classica,Classica
"['AUG', 'AAU', 'AAC', 'CAA', 'CGA', 'AAA', 'AAG', 'GCG', 'AGA', 'AGU', 'ACG', 'CCU', 'UUC', 'AAU', 'AUG', 'CUG', 'AAA', 'CGC', 'GAG', 'AGA', 'AAC', 'CGC', 'GUG', 'UCA', 'ACU', 'GUG', 'CAA', 'CAG', 'CUG', 'ACA', 'AAG', 'AGA', 'UUC', 'UCA', 'CUU', 'GGA', 'AUG', 'CUG', 'CAA', 'GGA', 'CGC', 'GGA', 'CCA', 'UUG', 'AAA', 'CUG', 'UUC', 'AUG', 'GCC', 'CUU', 'GUG', 'GCG', 'UUC', 'CUU', 'CGU', 'UUC', 'CUA', 'ACA', 'AUC', 'CCA', 'CCA', 'ACA', 'GCA', 'GGG', 'AUA', 'CUA', 'AAA', 'AGA', 'UGG', 'GGA', 'ACG', 'AUC', 'AAA', 'AAA', 'UCA', 'AAA', 'GCU', 'AUC', 'AAU', 'GUU', 'UUG', 'AGA', 'GGG', 'UUC', 'AGG', 'AAA', 'GAG', 'AUU', 'GGA', 'AGG', 'AUG', 'CUG', 'AAC', 'AUC', 'UUG', 'AAC', 'AGG', 'AGA', 'CGC', 'AGG', 'ACA', 'GCA', 'GGC', 'GUG', 'AUU', 'GUU', 'AUG', 'UUG', 'AUU', 'CCA', 'ACG', 'GCG', 'AUG', 'GCG']",2,Classica,Classica
"['AUG', 'AAU', 'AAC', 'CAA', 'CGA', 'AAA', 'AAG', 'GCG', 'AGA', 'AGU', 'ACG', 'CCU', 'UUC', 'AAU', 'AUG', 'CUG', 'AAA', 'CGC', 'GAG', 'AGA', 'AAC', 'CGC', 'GUG', 'UCA', 'ACU', 'GUG', 'CAA', 'CAG', 'CUG', 'ACA', 'AAG', 'AGA', 'UUC', 'UCA', 'CUU', 'GGA', 'AUG', 'CUG', 'CAA', 'GGG', 'CGC', 'GGA', 'CCA', 'UUA', 'AAA', 'CUG', 'UUC', 'AUG', 'GCC', 'CUU', 'GUG', 'GCG', 'UUC', 'CUU', 'CGU', 'UUC', 'CUG', 'ACA', 'AUC', 'CCA', 'CCA', 'ACA', 'GCA', 'GGG', 'AUA', 'CUA', 'AAA', 'AGA', 'UGG', 'GGA', 'ACG', 'AUC', 'AAA', 'AAA', 'UCA', 'AAA', 'GCU', 'AUC', 'AAU', 'GUU', 'UUG', 'AGA', 'GGG', 'UUC', 'AGG', 'AAA', 'GAG', 'AUU', 'GGA', 'AGG', 'AUG', 'CUG', 'AAC', 'AUC', 'UUG', 'AAC', 'AGG', 'AGA', 'CGC', 'AGG', 'ACA', 'GCA', 'GGC', 'GUG', 'AUC', 'AUU', 'AUG', 'UUG', 'AUU', 'CCA', 'ACA', 'GCG', 'AUG', 'GCG']",2,Severa,Severa
"['AUG', 'AAU', 'AAC', 'CAA', 'CGA', 'AAA', 'AAG', 'GCG', 'AGA', 'AGU', 'ACG', 'CCU', 'UUC', 'AAU', 'AUG', 'CUG', 'AAA', 'CGC', 'GAG', 'AGA', 'AAC', 'CGC', 'GUG', 'UCA', 'ACU', 'GUG', 'CAA', 'CAG', 'CUG', 'ACA', 'AAG', 'AGA', 'UUC', 'UCA', 'CUU', 'GGA', 'AUG', 'CUG', 'CAA', 'GGG', 'CGC', 'GGA', 'CCA', 'UUG', 'AAA', 'CUG', 'UUC', 'AUG', 'GCC', 'CUU', 'GUG', 'GCG', 'UUC', 'CUU', 'CGU', 'UUC', 'CUG', 'ACA', 'AUC', 'CCA', 'CCA', 'ACA', 'GCA', 'GGG', 'AUA', 'CUA', 'AAA', 'AGA', 'UGG', 'GGA', 'ACG', 'AUC', 'AAA', 'AAA', 'UCA', 'AAA', 'GCU', 'AUC', 'AAU', 'GUU', 'UUG', 'AGA', 'GGG', 'UUC', 'AGG', 'AAA', 'GAG', 'AUU', 'GGA', 'AGG', 'AUG', 'CUG', 'AAC', 'AUC', 'UUG', 'AAC', 'AGG', 'AGA', 'CGC', 'AGG', 'ACA', 'GCA', 'GGC', 'GUG', 'AUC', 'AUU', 'AUG', 'UUG', 'AUU', 'CCA', 'ACA', 'GCG', 'AUG', 'GCG']",2,Severa,Severa
"['AUG', 'AAU', 'AAC', 'CAA', 'CGA', 'AAA', 'AAG', 'GCG', 'AGA', 'AGU', 'ACG', 'CCU', 'UUC', 'AAU', 'AUG', 'CUG', 'AAA', 'CGC', 'GAG', 'AGA', 'AAC', 'CGC', 'GUG', 'UCA', 'ACU', 'GUG', 'CAA', 'CAG', 'CUG', 'ACA', 'AAG', 'AGA', 'UUC', 'UCA', 'CUU', 'GGA', 'AUG', 'CUG', 'CAA', 'GGG', 'CGC', 'GGA', 'CCA', 'UUG', 'AAG', 'CUG', 'UUC', 'AUG', 'GCC', 'CUU', 'GUG', 'GCG', 'UUC', 'CUU', 'CGU', 'UUC', 'CUG', 'ACA', 'AUC', 'CCA', 'CCA', 'ACA', 'GCA', 'GGG', 'AUA', 'CUA', 'AAA', 'AGA', 'UGG', 'GGA', 'ACG', 'AUC', 'AAA', 'AAA', 'UCA', 'AAA', 'GCU', 'AUC', 'AAU', 'GUU', 'UUG', 'AGA', 'GGG', 'UUC', 'AGG', 'AAA', 'GAG', 'AUU', 'GGA', 'AGG', 'AUG', 'CUG', 'AAC', 'AUC', 'UUG', 'AAC', 'AGG', 'AGA', 'CGC', 'AGG', 'ACA', 'GCA', 'GGC', 'GUG', 'AUC', 'AUU', 'AUG', 'UUG', 'AUU', 'CCA', 'ACA', 'GCG', 'AUG', 'GCG']",2,Severa,Severa
"['AUG', 'AAU', 'AAC', 'CAA', 'CGA', 'AAA', 'AAU', 'GCG', 'AGA', 'AAA', 'ACG', 'CCU', 'UUC', 'AAU', 'AUG', 'CUG', 'AAG', 'CGC', 'GAG', 'AGA', 'AAC', 'CGC', 'GUG', 'UCG', 'ACU', 'GUA', 'CAA', 'CAG', 'CUG', 'ACA', 'AAG', 'AGA', 'UUC', 'UCC', 'CUU', 'GGA', 'AUG', 'CUG', 'CAA', 'GGG', 'CGA', 'GGA', 'CCC', 'UUU', 'AAA', 'CUG', 'UUC', 'AUG', 'GCG', 'CUU', 'GUG', 'GCG', 'UUC', 'CUU', 'CGU', 'UUC', 'CUA', 'ACA', 'AUC', 'CCA', 'CCA', 'ACA', 'GCA', 'GGG', 'AUA', 'CUG', 'AAA', 'AGA', 'UGG', 'GGA', 'ACA', 'AUU', 'AAA', 'AAA', 'UCA', 'AAG', 'GCU', 'AUU', 'AAU', 'GUU', 'UUG', 'AGA', 'GGG', 'UUC', 'AGG', 'AAA', 'GAG', 'AUU', 'GGA', 'AGG', 'AUG', 'CUG', 'AAC', 'AUC', 'UUG', 'AAU', 'AGG', 'AGA', 'CGC', 'AGG', 'ACU', 'GCA', 'GGC', 'AUG', 'AUG', 'AUU', 'AUG', 'CUG', 'AUU', 'CCA', 'ACA', 'GUG', 'AUG', 'GCG']",2,Classica,Classica
"['AUG', 'AAU', 'AAC', 'CAA', 'CGG', 'AAA', 'AAG', 'GCG', 'AAA', 'AAC', 'ACG', 'CCU', 'UUC', 'AAU', 'AUG', 'CUG', 'AAA', 'CGC', 'GAG', 'AGA', 'AAC', 'CGC', 'GUG', 'UCG', 'ACU', 'GUG', 'CAA', 'CAG', 'CUG', 'ACA', 'AAG', 'AGA', 'UUC', 'UCA', 'CUU', 'GGA', 'AUG', 'CUG', 'CAG', 'GGA', 'CGA', 'GGA', 'CCA', 'UUA', 'AAA', 'CUG', 'UUC', 'AUG', 'GCC', 'CUG', 'GUG', 'GCG', 'UUC', 'CUU', 'CGU', 'UUC', 'CUA', 'ACA', 'AUC', 'CCA', 'CCA', 'ACA', 'GCA', 'GGG', 'AUA', 'UUG', 'AAG', 'AGA', 'UGG', 'GGA', 'ACA', 'AUU', 'AAA', 'AAA', 'UCA', 'AAA', 'GCC', 'AUC', 'AAU', 'GUU', 'UUG', 'AGA', 'GGG', 'UUC', 'AGG', 'AAA', 'GAG', 'AUU', 'GGA', 'AGG', 'AUG', 'CUG', 'AAC', 'AUC', 'UUG', 'AAU', 'AGG', 'AGA', 'CGC', 'AGA', 'UCU', 'GCA', 'GGC', 'AUG', 'AUC', 'AUU', 'AUG', 'CUG', 'AUU', 'CCA', 'ACA', 'GUA', 'AUG', 'GCG']",2,Classica,Classica
"['AUG', 'AAU', 'AAC', 'CAA', 'CGG', 'AAA', 'AAG', 'GCG', 'AAA', 'AAC', 'ACG', 'CCU', 'UUC', 'AAU', 'AUG', 'CUG', 'AAA', 'CGC', 'GAG', 'AGA', 'AAC', 'CGC', 'GUG', 'UCG', 'ACU', 'GUG', 'CAA', 'CAG', 'CUG', 'ACA', 'AAG', 'AGA', 'UUC', 'UCA', 'CUU', 'GGA', 'AUG', 'CUG', 'CAG', 'GGA', 'CGA', 'GGA', 'CCA', 'UUA', 'AAA', 'CUG', 'UUC', 'AUG', 'GCC', 'CUG', 'GUG', 'GCG', 'UUC', 'CUU', 'CGU', 'UUC', 'CUA', 'ACA', 'AUC', 'CCA', 'CCA', 'ACA', 'GCA', 'GGG', 'AUA', 'UUG', 'AAG', 'AGA', 'UGG', 'GGA', 'ACA', 'AUU', 'AAA', 'AAA', 'UCA', 'AAA', 'GCC', 'AUU', 'AAC', 'GUU', 'UUG', 'AGA', 'GGG', 'UUC', 'AGG', 'AAA', 'GAG', 'AUU', 'GGA', 'AGG', 'AUG', 'CUG', 'AAC', 'AUC', 'UUG', 'AAU', 'AGG', 'AGA', 'CGC', 'AGA', 'UCU', 'GCA', 'GGC', 'AUG', 'AUC', 'AUU', 'AUG', 'CUG', 'AUU', 'CCA', 'ACA', 'GUG', 'AUG', 'GCG']",2,Classica,Classica
"['AUG', 'AAU', 'AAC', 'CAA', 'CGG', 'AAA', 'AAG', 'GCG', 'AAA', 'AAC', 'ACG', 'CCU', 'UUC', 'AAU', 'AUG', 'CUG', 'AAA', 'CGC', 'GAG', 'AGA', 'AAC', 'CGC', 'GUG', 'UCG', 'ACU', 'GUG', 'CAA', 'CAG', 'CUG', 'ACA', 'AAG', 'AGA', 'UUC', 'UCA', 'CUU', 'GGA', 'AUG', 'CUG', 'CAG', 'GGA', 'CGA', 'GGA', 'CCA', 'UUA', 'AAA', 'CUG', 'UUC', 'AUG', 'GCC', 'CUG', 'GUG', 'GCG', 'UUC', 'CUU', 'CGU', 'UUC', 'CUA', 'ACA', 'AUC', 'CCA', 'CCA', 'ACA', 'GCA', 'GGG', 'AUA', 'UUG', 'AAG', 'AGA', 'UGG', 'GGA', 'ACA', 'AUU', 'AAA', 'AAA', 'UCA', 'AAA', 'GCC', 'AUU', 'AAU', 'GUU', 'UUG', 'AGA', 'GGG', 'UUC', 'AGG', 'AAA', 'GAG', 'AUU', 'GGA', 'AGG', 'AUG', 'CUG', 'AAC', 'AUC', 'UUG', 'AAU', 'AGG', 'AGA', 'CGC', 'AGA', 'UCU', 'GCA', 'GGC', 'AUG', 'AUC', 'AUU', 'AUG', 'UUG', 'AUU', 'CCA', 'ACA', 'GUG', 'AUG', 'GCG']",2,Severa,Severa
"['AUG', 'AAU', 'AAC', 'CAA', 'CGG', 'AAA', 'AAG', 'GCG', 'AAA', 'AAC', 'ACG', 'CCU', 'UUC', 'AAU', 'AUG', 'CUG', 'AAA', 'CGC', 'GAG', 'AGA', 'AAC', 'CGC', 'GUG', 'UCG', 'ACU', 'GUG', 'CAA', 'CAG', 'CUG', 'ACA', 'AAG', 'AGA', 'UUC', 'UCA', 'CUU', 'GGA', 'AUG', 'CUG', 'CAG', 'GGA', 'CGA', 'GGA', 'CCA', 'UUA', 'AAA', 'CUG', 'UUC', 'AUG', 'GCC', 'CUG', 'GUG', 'GCU', 'UUC', 'CUU', 'CGU', 'UUC', 'CUA', 'ACA', 'AUC', 'CCA', 'CCA', 'ACA', 'GCA', 'GGG', 'AUA', 'UUG', 'AAG', 'AGA', 'UGG', 'GGA', 'ACA', 'AUU', 'AAA', 'AAA', 'UCA', 'AAA', 'GCC', 'AUU', 'AAU', 'GUU', 'UUG', 'AGA', 'GGG', 'UUC', 'AGG', 'AAA', 'GAG', 'AUC', 'GGA', 'AGG', 'AUG', 'CUG', 'AAC', 'AUC', 'UUG', 'AAU', 'AGG', 'AGA', 'CGC', 'AGG', 'UCU', 'GCA', 'GGC', 'AUG', 'AUC', 'AUU', 'AUG', 'CUG', 'AUU', 'CCA', 'ACA', 'GUG', 'AUG', 'GCG']",2,Severa,Severa
"['AUG', 'AAU', 'AAC', 'CAA', 'CGG', 'AAA', 'AAG', 'GCG', 'AAA', 'AAC', 'ACG', 'CCU', 'UUC', 'AAU', 'AUG', 'CUG', 'AAA', 'CGC', 'GAG', 'AGA', 'AAC', 'CGC', 'GUG', 'UCG', 'ACU', 'GUG', 'CAA', 'CAG', 'CUG', 'ACA', 'AAG', 'AGA', 'UUC', 'UCA', 'CUU', 'GGA', 'AUG', 'CUG', 'CAG', 'GGA', 'CGA', 'GGA', 'CCA', 'UUG', 'AAA', 'CUG', 'UUC', 'AUG', 'GCC', 'CUG', 'GUG', 'GCG', 'UUC', 'CUU', 'CGU', 'UUC', 'CUA', 'ACA', 'AUC', 'CCA', 'CCA', 'ACA', 'GCA', 'GGG', 'AUA', 'UUG', 'AAG', 'AGA', 'UGG', 'GGA', 'ACA', 'AUU', 'AAA', 'AAA', 'UCA', 'AAA', 'GCC', 'AUU', 'AAU', 'GUU', 'UUG', 'AGA', 'GGG', 'UUC', 'AGG', 'AAA', 'GAG', 'AUU', 'GGA', 'AGG', 'AUG', 'CUG', 'AAC', 'AUC', 'UUG', 'AAU', 'AGG', 'AGA', 'CGC', 'AGA', 'UCU', 'GCA', 'GGC', 'AUG', 'AUC', 'AUU', 'AUG', 'CUG', 'AUU', 'CCA', 'ACA', 'GUG', 'AUG', 'GCG']",2,Severa,Severa
"['AUG', 'AAU', 'AAC', 'CAA', 'CGG', 'AAA', 'AAG', 'GCG', 'AAA', 'AAC', 'ACG', 'CCU', 'UUC', 'AAU', 'AUG', 'CUG', 'AAA', 'CGC', 'GAG', 'AGA', 'AAC', 'CGC', 'GUG', 'UCG', 'ACU', 'GUG', 'CAA', 'CAG', 'CUG', 'ACA', 'AAG', 'AGA', 'UUC', 'UCA', 'CUU', 'GGA', 'AUG', 'CUG', 'CAG', 'GGG', 'CGA', 'GGA', 'CCA', 'UUA', 'AAA', 'CUG', 'UUC', 'AUG', 'GCC', 'CUG', 'GUG', 'GCG', 'UUC', 'CUU', 'CGU', 'UUC', 'CUA', 'ACA', 'AUC', 'CCA', 'CCA', 'ACA', 'GCA', 'GGG', 'AUA', 'UUG', 'AAG', 'AGA', 'UGG', 'GGA', 'ACA', 'AUC', 'AAA', 'AAA', 'UCA', 'AAA', 'GCC', 'AUU', 'AAU', 'GUU', 'UUG', 'AGA', 'GGG', 'UUC', 'AGG', 'AAA', 'GAG', 'AUU', 'GGA', 'AGG', 'AUG', 'CUG', 'AAC', 'AUC', 'UUG', 'AAU', 'AGG', 'AGA', 'CGC', 'AGA', 'UCU', 'GCA', 'GGC', 'AUG', 'AUC', 'AUU', 'AUG', 'CUG', 'AUU', 'CCA', 'ACA', 'GUG', 'AUG', 'GCG']",2,Severa,Severa
"['AUG', 'AAU', 'AAC', 'CAA', 'CGG', 'AAA', 'AAG', 'GCG', 'AAA', 'AAC', 'ACG', 'CCU', 'UUC', 'AAU', 'AUG', 'CUG', 'AAA', 'CGC', 'GAG', 'AGA', 'AAC', 'CGC', 'GUG', 'UCG', 'ACU', 'GUG', 'CAA', 'CAG', 'CUG', 'ACA', 'AAG', 'AGA', 'UUC', 'UCA', 'CUU', 'GGA', 'AUG', 'UUG', 'CAG', 'GGA', 'CGA', 'GGA', 'CCG', 'UUA', 'AAA', 'CUG', 'UUC', 'AUG', 'GCC', 'CUG', 'GUG', 'ACG', 'UUC', 'CUU', 'CGU', 'UUC', 'CUA', 'ACA', 'AUC', 'CCA', 'CCA', 'ACA', 'GCA', 'GGG', 'AUA', 'UUG', 'AAG', 'AGA', 'UGG', 'GGA', 'ACA', 'AUU', 'AAA', 'AAA', 'UCA', 'AAA', 'GCC', 'AUC', 'AAU', 'GUU', 'UUG', 'AGA', 'GGA', 'UUC', 'AGG', 'AAA', 'GAG', 'AUU', 'GGA', 'AGG', 'AUG', 'CUG', 'AAC', 'AUC', 'UUG', 'AAU', 'AGG', 'AGA', 'CGC', 'AGA', 'UCU', 'GCA', 'GGC', 'AUG', 'AUC', 'AUU', 'AUG', 'CUG', 'AUU', 'CCA', 'ACA', 'GUG', 'AUG', 'GCG']",2,Severa,Severa
"['AUG', 'AAU', 'AAC', 'CAA', 'CGG', 'AAA', 'AAG', 'GCG', 'AAA', 'AAC', 'ACG', 'CCU', 'UUC', 'AAU', 'AUG', 'CUG', 'AAA', 'CGC', 'GAG', 'AGA', 'AAC', 'CGC', 'GUG', 'UCG', 'ACU', 'GUG', 'CAA', 'CAG', 'CUG', 'ACG', 'AAG', 'AGA', 'UUC', 'UCA', 'CUU', 'GGA', 'AUG', 'CUG', 'CAG', 'GGA', 'CGA', 'GGA', 'CCA', 'UUA', 'AAA', 'CUG', 'UUC', 'AUG', 'GCC', 'CUG', 'GUG', 'GCG', 'UUC', 'CUU', 'CGU', 'UUC', 'CUA', 'ACA', 'AUC', 'CCA', 'CCA', 'ACA', 'GCA', 'GGG', 'AUA', 'UUG', 'AAG', 'AGA', 'UGG', 'GGA', 'ACA', 'AUU', 'AAA', 'AAA', 'UCA', 'AAA', 'GCC', 'AUU', 'AAU', 'GUU', 'UUG', 'AGA', 'GGG', 'UUC', 'AGG', 'AAA', 'GAG', 'AUU', 'GGA', 'AGG', 'AUG', 'CUG', 'AAC', 'AUC', 'UUG', 'AAU', 'AGG', 'AGA', 'CGC', 'AGA', 'UCU', 'GUA', 'GGC', 'AUG', 'AUC', 'AUU', 'AUG', 'CUG', 'AUU', 'CCA', 'ACA', 'GUA', 'AUG', 'GCG']",2,Classica,Classica
"['AUG', 'AAU', 'AAC', 'CAA', 'CGG', 'AAA', 'AAG', 'GCG', 'AAA', 'AAC', 'GCG', 'CCU', 'UUC', 'AAU', 'AUG', 'CUG', 'AAA', 'CGC', 'GAG', 'AGA', 'AAC', 'CGC', 'GUG', 'UCG', 'ACU', 'GUG', 'CAA', 'CAG', 'CUG', 'ACA', 'AAG', 'AGA', 'UUC', 'UCA', 'CUU', 'GGA', 'AUG', 'CUG', 'CAG', 'GGA', 'CGA', 'GGA', 'CCA', 'UUA', 'AAA', 'CUG', 'UUC', 'AUG', 'GCC', 'CUG', 'GUG', 'GCG', 'UUC', 'CUU', 'CGU', 'UUC', 'CUA', 'ACA', 'AUC', 'CCA', 'CCA', 'ACA', 'GCA', 'GGG', 'AUA', 'UUG', 'AAG', 'AGA', 'UGG', 'GGA', 'ACA', 'AUU', 'AAA', 'AAA', 'UCA', 'AAA', 'GCC', 'AUC', 'AAU', 'GUU', 'UUG', 'AGA', 'GGG', 'UUC', 'AGG', 'AAA', 'GAA', 'AUU', 'GGA', 'AGG', 'AUG', 'CUG', 'AAC', 'AUC', 'UUG', 'AAU', 'AGG', 'AGA', 'CGC', 'AGA', 'UCU', 'GCA', 'GGC', 'AUG', 'AUC', 'AUU', 'AUG', 'CUG', 'AUU', 'CCA', 'ACA', 'GUG', 'AUG', 'GCG']",2,Classica,Classica
"['AUG', 'AAU', 'AAC', 'CAA', 'CGG', 'AAA', 'AAG', 'GCG', 'AAA', 'ACC', 'ACG', 'CCU', 'UUC', 'AAU', 'AUG', 'CUG', 'AAA', 'CGC', 'GAG', 'AGA', 'AAC', 'CGC', 'GUG', 'UCG', 'ACU', 'GUG', 'CAA', 'CAG', 'CUG', 'ACA', 'AAG', 'AGA', 'UUC', 'UCA', 'CUU', 'GGA', 'AUG', 'CUG', 'CAG', 'GGA', 'CGA', 'GGA', 'CCA', 'UUA', 'AAA', 'CUG', 'UUC', 'AUG', 'GCC', 'UUG', 'GUG', 'GCG', 'UUC', 'CUU', 'CGU', 'UUC', 'CUA', 'ACA', 'AUC', 'CCA', 'CCA', 'ACA', 'GCA', 'GGG', 'AUA', 'UUG', 'AAG', 'AGA', 'UGG', 'GGA', 'ACA', 'AUU', 'AAA', 'AAA', 'UCA', 'AAA', 'GCC', 'AUC', 'AAU', 'GUU', 'UUG', 'AGA', 'GGG', 'UUC', 'AGG', 'AAA', 'GAG', 'AUU', 'GGA', 'AGG', 'AUG', 'CUG', 'AAC', 'AUC', 'UUG', 'AAC', 'AGG', 'AGA', 'CGC', 'AGA', 'UCU', 'GCA', 'GGC', 'AUG', 'AUU', 'AUU', 'AUG', 'CUG', 'AUU', 'CCA', 'ACA', 'GUA', 'AUG', 'GCG']",2,Severa,Severa
"['AUG', 'AAU', 'AAC', 'CAA', 'CGG', 'AAA', 'AAG', 'GCG', 'AAA', 'ACC', 'ACG', 'CCU', 'UUC', 'AAU', 'AUG', 'CUG', 'AAA', 'CGC', 'GAG', 'AGA', 'AAC', 'CGC', 'GUG', 'UCG', 'ACU', 'GUG', 'CAA', 'CAG', 'CUG', 'ACA', 'AAG', 'AGA', 'UUC', 'UCA', 'CUU', 'GGA', 'AUG', 'CUG', 'CAG', 'GGA', 'CGA', 'GGA', 'CCA', 'UUA', 'AAA', 'CUG', 'UUC', 'AUG', 'GCC', 'UUG', 'GUG', 'GCG', 'UUC', 'CUU', 'CGU', 'UUC', 'CUA', 'ACA', 'AUC', 'CCA', 'CCA', 'ACA', 'GCA', 'GGG', 'AUA', 'UUG', 'AAG', 'AGA', 'UGG', 'GGA', 'ACA', 'AUU', 'AAA', 'AAA', 'UCA', 'AAA', 'GCC', 'AUC', 'AAU', 'GUU', 'UUG', 'AGA', 'GGG', 'UUC', 'AGG', 'AAA', 'GAG', 'AUU', 'GGA', 'AGG', 'AUG', 'CUG', 'AAC', 'AUC', 'UUG', 'AAU', 'AGG', 'AGA', 'CGC', 'AGA', 'UCU', 'GCA', 'GGC', 'AUG', 'AUU', 'AUU', 'AUG', 'CUG', 'AUU', 'CCA', 'ACA', 'GUA', 'AUG', 'GCG']",2,Severa,Severa
"['AUG', 'AAU', 'AAC', 'CAA', 'CGG', 'AAA', 'AAG', 'GCG', 'AGA', 'AAC', 'ACG', 'CCU', 'UUC', 'AAU', 'AUG', 'CUG', 'AAA', 'CGC', 'GAG', 'AGA', 'AAC', 'CGC', 'GUG', 'UCA', 'ACA', 'AUA', 'CAA', 'CAG', 'UUG', 'ACG', 'AAG', 'AGA', 'UUC', 'UCA', 'CUU', 'GGA', 'AUG', 'CUG', 'CAA', 'GGG', 'AGA', 'GGG', 'CCA', 'UUA', 'AAA', 'CUA', 'UUU', 'AUG', 'GCC', 'CUA', 'GUG', 'GCG', 'UUC', 'CUU', 'CGU', 'UUC', 'CUA', 'ACC', 'AUC', 'CCA', 'CCA', 'ACA', 'GCA', 'GGG', 'AUA', 'CUG', 'GAA', 'AGA', 'UGG', 'GGA', 'ACG', 'AUC', 'AAA', 'AAA', 'UCA', 'AAG', 'GCU', 'AUC', 'AGU', 'GUA', 'CUG', 'AGA', 'GGA', 'UUU', 'AGA', 'AAG', 'GAA', 'AUU', 'GGG', 'AGG', 'AUG', 'CUG', 'AAC', 'AUU', 'UUG', 'AAU', 'AGG', 'AGA', 'CGC', 'AGA', 'ACA', 'GCG', 'GGC', 'UUC', 'CUU', 'AUC', 'AUG', 'GUC', 'AUU', 'CCA', 'ACA', 'GUG', 'AUG', 'GCU']",2,Severa,Severa
"['AUG', 'AAU', 'AAC', 'CAA', 'CGG', 'AAA', 'AAG', 'GCG', 'AGA', 'AAC', 'ACG', 'CCU', 'UUC', 'AAU', 'AUG', 'CUG', 'AAA', 'CGC', 'GAG', 'AGA', 'AAC', 'CGC', 'GUG', 'UCA', 'ACU', 'GUA', 'CAA', 'CAG', 'UUG', 'ACA', 'AAG', 'AGA', 'UUC', 'UCA', 'CUU', 'GGA', 'AUG', 'CUG', 'CAG', 'GGA', 'CGA', 'GGA', 'CCA', 'CUA', 'AAA', 'UUG', 'UUC', 'AUG', 'GCC', 'CUG', 'GUG', 'GCA', 'UUC', 'CUU', 'CGU', 'UUC', 'CUA', 'ACA', 'AUC', 'CCA', 'CCA', 'ACA', 'GCA', 'GGG', 'AUA', 'UUA', 'AAA', 'AGA', 'UGG', 'GGA', 'ACA', 'AUU', 'AAA', 'AAA', 'UCA', 'AAG', 'GCU', 'AUU', 'AAU', 'GUC', 'CUG', 'AGA', 'GGC', 'UUC', 'AGG', 'AAA', 'GAG', 'AUU', 'GGA', 'AGG', 'AUG', 'CUG', 'AAU', 'AUC', 'UUA', 'AAC', 'AGG', 'AGA', 'CGU', 'AGA', 'ACU', 'GCA', 'GGC', 'AUG', 'AUC', 'AUC', 'AUG', 'CUG', 'AUU', 'CCA', 'ACA', 'GUG', 'AUG', 'GCG']",2,Classica,Classica
"['AUG', 'AAU', 'AAC', 'CAA', 'CGG', 'AAA', 'AAG', 'GCG', 'AGA', 'AAC', 'ACG', 'CCU', 'UUC', 'AAU', 'AUG', 'CUG', 'AAA', 'CGC', 'GAG', 'AGA', 'AAC', 'CGC', 'GUG', 'UCA', 'ACU', 'GUA', 'CAA', 'CAG', 'UUG', 'ACA', 'AAG', 'AGA', 'UUC', 'UCA', 'CUU', 'GGA', 'AUG', 'CUG', 'CAG', 'GGA', 'CGA', 'GGA', 'CCA', 'CUA', 'AAA', 'UUG', 'UUC', 'AUG', 'GCC', 'CUG', 'GUG', 'GCA', 'UUC', 'CUU', 'CGU', 'UUC', 'CUA', 'ACA', 'AUC', 'CCA', 'CCA', 'ACA', 'GCA', 'GGG', 'AUA', 'UUA', 'AAA', 'AGA', 'UGG', 'GGA', 'ACA', 'AUU', 'AAA', 'AAA', 'UCA', 'AAG', 'GCU', 'AUU', 'AAU', 'GUC', 'UUG', 'AGA', 'GGC', 'UUC', 'AGG', 'AAA', 'GAG', 'AUU', 'GGA', 'AGG', 'AUG', 'CUG', 'AAU', 'AUC', 'UUA', 'AAC', 'AGG', 'AGA', 'CGU', 'AGA', 'ACU', 'GCA', 'GGC', 'AUG', 'AUC', 'AUC', 'AUG', 'CUG', 'AUU', 'CCA', 'ACA', 'GUG', 'AUG', 'GCG']",2,Classica,Classica
"['AUG', 'AAU', 'AAC', 'CAA', 'CGG', 'AAA', 'AAG', 'GCG', 'AGA', 'AAC', 'ACG', 'CCU', 'UUC', 'AAU', 'AUG', 'CUG', 'AAA', 'CGC', 'GAG', 'AGA', 'AAC', 'CGC', 'GUG', 'UCA', 'ACU', 'GUA', 'CAA', 'CAG', 'UUG', 'ACA', 'AAG', 'AGA', 'UUC', 'UCA', 'CUU', 'GGA', 'AUG', 'CUG', 'CAG', 'GGA', 'CGA', 'GGA', 'CCA', 'CUA', 'AAA', 'UUG', 'UUC', 'AUG', 'GCC', 'CUG', 'GUG', 'GCA', 'UUC', 'CUU', 'CGU', 'UUC', 'CUA', 'ACA', 'AUC', 'CCA', 'CCA', 'ACA', 'GCA', 'GGG', 'AUA', 'UUA', 'AAA', 'AGA', 'UGG', 'GGA', 'ACA', 'AUU', 'AAA', 'AAA', 'UCA', 'AAG', 'GCU', 'AUU', 'AAU', 'GUU', 'CUG', 'AGA', 'GGC', 'UUC', 'AGG', 'AAA', 'GAG', 'AUU', 'GGA', 'AGG', 'AUG', 'CUG', 'AAU', 'AUC', 'UUA', 'AAC', 'AGG', 'AGA', 'CGU', 'AGA', 'ACU', 'GCA', 'GGC', 'AUG', 'AUC', 'AUC', 'AUG', 'CUG', 'AUU', 'CCA', 'ACA', 'GUA', 'AUG', 'GCG']",2,Classica,Classica
"['AUG', 'AAU', 'AAC', 'CAA', 'CGG', 'AAA', 'AAG', 'GCG', 'AGA', 'AAC', 'ACG', 'CCU', 'UUC', 'AAU', 'AUG', 'CUG', 'AAA', 'CGC', 'GAG', 'AGA', 'AAC', 'CGC', 'GUG', 'UCA', 'ACU', 'GUA', 'CAA', 'CAG', 'UUG', 'ACA', 'AAG', 'AGA', 'UUC', 'UCA', 'CUU', 'GGA', 'AUG', 'CUG', 'CAG', 'GGA', 'CGA', 'GGA', 'CCA', 'CUA', 'AAA', 'UUG', 'UUC', 'AUG', 'GCC', 'CUG', 'GUG', 'GCA', 'UUC', 'CUU', 'CGU', 'UUC', 'CUA', 'ACA', 'AUC', 'CCA', 'CCA', 'ACA', 'GCA', 'GGG', 'AUA', 'UUA', 'AAA', 'AGA', 'UGG', 'GGA', 'ACA', 'AUU', 'AAA', 'AAA', 'UCA', 'AAG', 'GCU', 'AUU', 'AAU', 'GUU', 'CUG', 'AGA', 'GGC', 'UUC', 'AGG', 'AAA', 'GAG', 'AUU', 'GGA', 'AGG', 'AUG', 'CUG', 'AAU', 'AUC', 'UUA', 'AAC', 'AGG', 'AGA', 'CGU', 'AGA', 'ACU', 'GCA', 'GGC', 'AUG', 'AUC', 'AUC', 'AUG', 'CUG', 'AUU', 'CCA', 'ACA', 'GUG', 'AUG', 'GCG']",2,Classica,Classica
"['AUG', 'AAU', 'AAC', 'CAA', 'CGG', 'AAA', 'AAG', 'GCG', 'AGA', 'AAC', 'ACG', 'CCU', 'UUC', 'AAU', 'AUG', 'CUG', 'AAA', 'CGC', 'GAG', 'AGA', 'AAC', 'CGC', 'GUG', 'UCA', 'ACU', 'GUA', 'CAA', 'CAG', 'UUG', 'ACA', 'AAG', 'AGA', 'UUC', 'UCA', 'CUU', 'GGA', 'AUG', 'CUG', 'CAG', 'GGA', 'CGA', 'GGA', 'CCA', 'CUA', 'AAA', 'UUG', 'UUC', 'AUG', 'GCC', 'CUG', 'GUG', 'GCA', 'UUC', 'CUU', 'CGU', 'UUC', 'CUA', 'ACU', 'AUC', 'CCA', 'CCA', 'ACA', 'GCA', 'GGG', 'AUA', 'UUG', 'AAA', 'AGA', 'UGG', 'GGA', 'ACA', 'AUC', 'AAA', 'AAA', 'UCA', 'AAG', 'GCU', 'AUU', 'AAU', 'GUU', 'CUA', 'AGA', 'GGC', 'UUC', 'AGG', 'AAA', 'GAG', 'AUU', 'GGA', 'AGG', 'AUG', 'CUG', 'AAU', 'AUC', 'UUA', 'AAC', 'AGG', 'AGA', 'CGU', 'AGA', 'ACU', 'GCA', 'GGC', 'AUG', 'AUC', 'AUC', 'AUG', 'CUG', 'AUU', 'CCA', 'ACA', 'GUG', 'AUG', 'GCG']",2,Classica,Classica
"['AUG', 'AAU', 'AAC', 'CAA', 'CGG', 'AAA', 'AAG', 'GCG', 'AGA', 'AAU', 'ACG', 'CCU', 'UUC', 'AAU', 'AUG', 'CUG', 'AAA', 'CGC', 'GAG', 'AGA', 'AAC', 'CGC', 'GUG', 'UCA', 'ACG', 'AUU', 'CAA', 'CAG', 'UUG', 'ACG', 'AAG', 'AGA', 'UUC', 'UCA', 'CUU', 'GGA', 'AUG', 'CUA', 'CAA', 'GGG', 'AAA', 'GGG', 'CCA', 'UUA', 'AAG', 'UUG', 'UUU', 'AUG', 'GCC', 'CUA', 'GUG', 'GCC', 'UUC', 'CUU', 'CGU', 'UUC', 'CUA', 'ACC', 'AUC', 'CCA', 'CCA', 'ACA', 'GCA', 'GGG', 'AUA', 'UUG', 'AAG', 'AGA', 'UGG', 'GGA', 'ACG', 'AUU', 'AAA', 'AAA', 'UCA', 'AAA', 'GCC', 'AUC', 'AAU', 'GUG', 'UUA', 'AGA', 'GGA', 'UUC', 'AGA', 'AAG', 'GAA', 'AUC', 'GGG', 'AGA', 'AUG', 'CUG', 'AAC', 'AUA', 'UUG', 'AAC', 'AGA', 'AGA', 'CGC', 'AGA', 'ACA', 'ACA', 'GGU', 'CUU', 'CUC', 'AUC', 'AUG', 'AUU', 'AUC', 'CCA', 'ACA', 'GUG', 'AUG', 'GCA']",2,Severa,Severa
"['AUG', 'AAU', 'AAC', 'CAA', 'CGG', 'AAA', 'AAG', 'GCG', 'AGA', 'AAU', 'ACG', 'CCU', 'UUC', 'AAU', 'AUG', 'CUG', 'AAA', 'CGC', 'GAG', 'AGA', 'AAC', 'CGC', 'GUG', 'UCA', 'ACU', 'GUA', 'CAA', 'CAG', 'UUG', 'ACA', 'AAG', 'AGA', 'UUC', 'UCA', 'CUU', 'GGA', 'AUG', 'CUG', 'CAG', 'GGA', 'CGA', 'GGA', 'CCA', 'CUA', 'AAA', 'UUG', 'UUC', 'AUG', 'GCC', 'CUG', 'GUG', 'GCA', 'UUC', 'CUU', 'CGU', 'UUC', 'CUA', 'ACA', 'AUC', 'CCA', 'CCA', 'ACA', 'GCA', 'GGG', 'AUA', 'UUA', 'AAA', 'AGA', 'UGG', 'GGA', 'ACA', 'AUU', 'AAA', 'AAA', 'UCA', 'AAG', 'GCU', 'AUU', 'AAU', 'GUU', 'CUG', 'AGA', 'GGC', 'UUC', 'AGG', 'AAA', 'GAG', 'AUU', 'GGA', 'AGG', 'AUG', 'CUG', 'AAU', 'AUC', 'UUA', 'AAC', 'AGG', 'AGA', 'CGU', 'AGA', 'ACU', 'GCA', 'GGC', 'AUG', 'AUC', 'AUC', 'AUG', 'CUG', 'AUU', 'CCA', 'ACA', 'GUG', 'AUG', 'GCG']",2,Classica,Classica
"['AUG', 'AAU', 'AAC', 'CAA', 'CGG', 'AAA', 'AAG', 'GCG', 'AGA', 'AAU', 'ACG', 'CCU', 'UUC', 'AAU', 'AUG', 'CUG', 'AAA', 'CGC', 'GAG', 'AGA', 'AAC', 'CGC', 'GUG', 'UCA', 'ACU', 'GUG', 'CAA', 'CAG', 'CUG', 'ACA', 'AAG', 'AGA', 'UUC', 'UCA', 'CUU', 'GGA', 'AUG', 'CUA', 'CAG', 'GGA', 'CGA', 'GGA', 'ACA', 'UUA', 'AAA', 'CUG', 'UUC', 'AUG', 'GCC', 'CUA', 'GUG', 'GCU', 'UUC', 'CUU', 'CGU', 'UUC', 'CUA', 'ACA', 'AUC', 'CCG', 'CCA', 'ACA', 'GCA', 'GGG', 'AUA', 'UUA', 'AAA', 'AGA', 'UGG', 'GGA', 'ACA', 'AUC', 'AAA', 'AAA', 'UCA', 'AAA', 'GCU', 'AUC', 'AAU', 'GUC', 'UUG', 'AGA', 'GGG', 'UUC', 'AGG', 'AAA', 'GAG', 'AUU', 'GGA', 'AGG', 'AUG', 'CUG', 'AAU', 'AUC', 'UUG', 'AAC', 'AGG', 'AGA', 'CGC', 'AGA', 'ACU', 'GCA', 'GGU', 'AUA', 'AUU', 'AUU', 'AUG', 'AUG', 'AUC', 'CCA', 'ACA', 'GUG', 'AUG', 'GCG']",2,Classica,Classica
"['AUG', 'AAU', 'AAC', 'CAA', 'CGG', 'AAA', 'AAG', 'GCG', 'AGA', 'AAU', 'ACG', 'CCU', 'UUC', 'AAU', 'AUG', 'CUG', 'AAA', 'CGC', 'GAG', 'AGA', 'AAC', 'CGC', 'GUG', 'UCA', 'ACU', 'GUG', 'CAA', 'CAG', 'CUG', 'ACA', 'AAG', 'AGA', 'UUC', 'UCA', 'CUU', 'GGA', 'AUG', 'CUA', 'CAG', 'GGA', 'CGA', 'GGA', 'CCA', 'UUA', 'AAA', 'CUG', 'UUC', 'AUG', 'GCC', 'CUA', 'GUG', 'GCU', 'UUC', 'CUU', 'CGU', 'UUC', 'CUA', 'ACA', 'AUC', 'CCG', 'CCA', 'ACA', 'GCA', 'GGG', 'AUA', 'UUA', 'AAA', 'AGA', 'UGG', 'GGA', 'ACA', 'AUC', 'AAA', 'AAA', 'UCA', 'AAG', 'GCU', 'AUC', 'AAU', 'GUC', 'UUG', 'AGA', 'GGG', 'UUC', 'AGG', 'AAA', 'GAG', 'AUU', 'GGA', 'AGG', 'AUG', 'CUG', 'AAC', 'AUC', 'UUG', 'AAC', 'AGG', 'AGA', 'CGC', 'AGA', 'ACU', 'GCA', 'GGU', 'AUA', 'AUU', 'AUU', 'AUG', 'AUG', 'AUC', 'CCA', 'ACA', 'GUG', 'AUG', 'GCG']",2,Classica,Classica
"['AUG', 'AAU', 'AAC', 'CAA', 'CGG', 'AAA', 'AAG', 'GCG', 'AGA', 'AAU', 'ACG', 'CCU', 'UUC', 'AAU', 'AUG', 'CUG', 'AAA', 'CGC', 'GAG', 'AGA', 'AAC', 'CGC', 'GUG', 'UCA', 'ACU', 'GUG', 'CAA', 'CAG', 'CUG', 'ACA', 'AAG', 'AGA', 'UUC', 'UCA', 'CUU', 'GGA', 'AUG', 'CUA', 'CAG', 'GGA', 'CGA', 'GGA', 'CCA', 'UUG', 'AAA', 'CUG', 'UUC', 'AUG', 'GCC', 'CUA', 'GUG', 'GCU', 'UUC', 'CUU', 'CGU', 'UUC', 'CUA', 'ACA', 'AUC', 'CCG', 'CCA', 'ACA', 'GCA', 'GGG', 'AUA', 'UUA', 'AAA', 'AGA', 'UGG', 'GGA', 'ACA', 'AUC', 'AAA', 'AAA', 'UCA', 'AAA', 'GCU', 'AUC', 'AAU', 'GUC', 'UUG', 'AGA', 'GGG', 'UUC', 'AGG', 'AAA', 'GAG', 'AUU', 'GGA', 'AGG', 'AUG', 'CUG', 'AAC', 'AUC', 'UUG', 'AAC', 'AGG', 'AGA', 'CGC', 'AGA', 'ACU', 'GCA', 'GGU', 'AUA', 'AUU', 'AUU', 'AUG', 'AUG', 'AUC', 'CCA', 'ACA', 'GUG', 'AUG', 'GCG']",2,Severa,Severa
"['AUG', 'AAU', 'AAC', 'CAA', 'CGG', 'AAA', 'AAG', 'GCG', 'AGA', 'AAU', 'ACG', 'CCU', 'UUC', 'AAU', 'AUG', 'CUG', 'AAA', 'CGC', 'GAG', 'AGA', 'AAC', 'CGC', 'GUG', 'UCA', 'ACU', 'GUG', 'CAG', 'CAG', 'CUG', 'ACA', 'AAG', 'AGA', 'UUC', 'UCA', 'CUU', 'GGA', 'AUG', 'CUA', 'CAG', 'GGA', 'CGA', 'GGA', 'CCA', 'UUG', 'AAA', 'CUG', 'UUC', 'AUG', 'GCC', 'CUG', 'GUG', 'GCA', 'UUC', 'CUU', 'CGU', 'UUC', 'CUA', 'ACA', 'AUC', 'CCG', 'CCA', 'ACA', 'GCA', 'GGG', 'AUA', 'UUA', 'AAA', 'AGA', 'UGG', 'GGA', 'ACA', 'AUC', 'AAA', 'AAA', 'UCA', 'AAA', 'GCU', 'AUC', 'AAU', 'GUC', 'UUG', 'AGA', 'GGG', 'UUC', 'AGG', 'AAA', 'GAG', 'AUU', 'GGA', 'AGG', 'AUG', 'CUG', 'AAC', 'AUC', 'UUG', 'AAC', 'AGG', 'AGA', 'CGC', 'AGA', 'ACU', 'GCA', 'GGU', 'AUA', 'AUU', 'AUU', 'AUG', 'AUG', 'AUU', 'CCA', 'ACA', 'GUG', 'AUG', 'GCG']",2,Classica,Classica
"['AUG', 'AAU', 'AAC', 'CAA', 'CGG', 'AAA', 'AAG', 'GCG', 'AGA', 'AAU', 'ACG', 'CCU', 'UUC', 'AAU', 'AUG', 'CUG', 'AAA', 'CGC', 'GAG', 'AGA', 'AAC', 'CGC', 'GUG', 'UCA', 'ACU', 'GUG', 'CAG', 'CAG', 'CUG', 'ACA', 'AAG', 'AGA', 'UUC', 'UCA', 'CUU', 'GGA', 'AUG', 'CUG', 'CAG', 'GGA', 'CGA', 'GGA', 'CCA', 'CUA', 'AAA', 'CUG', 'UUC', 'AUG', 'GCC', 'CUG', 'GUG', 'GCA', 'UUC', 'CUU', 'CGU', 'UUC', 'CUA', 'ACA', 'AUC', 'CCG', 'CCA', 'ACA', 'GCA', 'GGG', 'AUA', 'UUA', 'AAA', 'AGA', 'UGG', 'GGA', 'ACA', 'AUC', 'AAA', 'AAA', 'UCA', 'AAG', 'GCU', 'AUC', 'AAU', 'GUC', 'UUG', 'AGA', 'GGG', 'UUC', 'AGG', 'AAA', 'GAG', 'AUU', 'GGA', 'AGG', 'AUG', 'CUG', 'AAC', 'AUC', 'UUG', 'AAC', 'AGG', 'AGA', 'CGC', 'AGA', 'ACU', 'GCA', 'GGU', 'AUA', 'AUC', 'AUU', 'AUG', 'AUG', 'AUC', 'CCA', 'ACA', 'GUG', 'AUG', 'GCG']",2,Severa,Severa
"['AUG', 'AAU', 'AAC', 'CAA', 'CGG', 'AAA', 'AAG', 'GCG', 'AGA', 'AAU', 'ACG', 'CCU', 'UUC', 'AAU', 'AUG', 'CUG', 'AAA', 'CGC', 'GAG', 'AGA', 'AAC', 'CGC', 'GUG', 'UCG', 'ACU', 'GUG', 'CAA', 'CAG', 'CUG', 'ACA', 'AAG', 'AGA', 'UUC', 'UCA', 'CUU', 'GGA', 'AUG', 'CUG', 'CAG', 'GGA', 'CGA', 'GGA', 'CCG', 'UUG', 'AAA', 'CUG', 'UUC', 'AUG', 'GCC', 'UUG', 'GUG', 'GCA', 'UUC', 'CUU', 'CGU', 'UUC', 'CUA', 'ACA', 'AUC', 'CCA', 'CCA', 'ACA', 'GCA', 'GGG', 'AUA', 'CUA', 'AAA', 'AGA', 'UGG', 'GGA', 'ACG', 'AUA', 'AAA', 'AAA', 'UCA', 'AAG', 'GCC', 'AUC', 'AAU', 'GUC', 'UUG', 'AGA', 'GGG', 'UUC', 'AGG', 'AAA', 'GAG', 'AUU', 'GGA', 'AGG', 'AUG', 'CUG', 'AAC', 'AUC', 'UUG', 'AAC', 'AGG', 'AGA', 'CGC', 'AGA', 'ACU', 'GCA', 'GGC', 'AUG', 'AUU', 'AUC', 'AUG', 'CUG', 'AUU', 'CCA', 'ACA', 'GCG', 'AUG', 'GCG']",2,Severa,Severa
"['AUG', 'AAU', 'AAC', 'CAA', 'CGG', 'AAA', 'AAG', 'GCG', 'AGA', 'AAU', 'ACG', 'CCU', 'UUC', 'AAU', 'AUG', 'CUG', 'AAA', 'CGC', 'GAG', 'AGA', 'AAC', 'CGC', 'GUG', 'UCG', 'ACU', 'GUG', 'CAA', 'CAG', 'UUG', 'ACA', 'AAG', 'AGA', 'UUC', 'UCA', 'CUU', 'GGA', 'AUG', 'CUG', 'CAG', 'GGA', 'CGA', 'GGA', 'CCA', 'UUG', 'AAA', 'CUG', 'UUC', 'AUG', 'GCC', 'CUG', 'GUG', 'GCA', 'UUC', 'CUU', 'CGU', 'UUC', 'CUA', 'ACA', 'AUC', 'CCA', 'CCA', 'ACA', 'GCA', 'GGG', 'AUA', 'CUG', 'AAA', 'AGA', 'UGG', 'GGA', 'ACG', 'AUC', 'AAA', 'AAG', 'UCA', 'AAG', 'GCU', 'AUC', 'AAU', 'GUC', 'UUG', 'AGA', 'GGC', 'UUU', 'AGG', 'AAA', 'GAG', 'AUU', 'GGA', 'AGG', 'AUG', 'CUG', 'AAU', 'AUC', 'UUG', 'AAU', 'AGG', 'AGA', 'CGC', 'AGA', 'ACU', 'GUA', 'GGC', 'AUG', 'AUC', 'AUC', 'AUG', 'CUG', 'AUU', 'CCA', 'ACA', 'GCG', 'AUG', 'GCG']",2,Classica,Classica
"['AUG', 'AAU', 'AAC', 'CAA', 'CGG', 'AAA', 'AAG', 'GCG', 'AGA', 'AGU', 'ACG', 'CCU', 'UUC', 'AAU', 'AUG', 'CUG', 'AAA', 'CGC', 'GAG', 'AGA', 'AAC', 'CGC', 'GUG', 'UCA', 'ACU', 'GUG', 'CAA', 'CAG', 'CUG', 'ACA', 'AAG', 'AGA', 'UUC', 'UCA', 'CUU', 'GGA', 'AUG', 'CUG', 'CAA', 'GGA', 'CGC', 'GGA', 'CCA', 'UUA', 'AAA', 'CUG', 'UUC', 'AUG', 'GCC', 'CUU', 'GUG', 'GCG', 'UUC', 'CUU', 'CGU', 'UUC', 'CUG', 'ACA', 'AUC', 'CCA', 'CCA', 'ACA', 'GCA', 'GGG', 'AUA', 'CUA', 'AAA', 'AGA', 'UGG', 'GGA', 'ACG', 'AUC', 'AAA', 'AAA', 'UCA', 'AAA', 'GCC', 'AUC', 'AAU', 'GUU', 'UUG', 'AGA', 'GGG', 'UUC', 'AGG', 'AAA', 'GAG', 'AUU', 'GGA', 'AGG', 'AUG', 'CUG', 'AAC', 'AUC', 'UUG', 'AAC', 'AGG', 'AGA', 'CGC', 'AGG', 'ACA', 'GCA', 'GGC', 'GUG', 'AUC', 'GUU', 'AUG', 'UUG', 'AUU', 'CCA', 'ACA', 'GCG', 'AUG', 'GCG']",2,Severa,Severa
"['AUG', 'AAU', 'AAC', 'CAA', 'CGG', 'AAA', 'AAG', 'GCG', 'AGA', 'AGU', 'ACG', 'CCU', 'UUC', 'AAU', 'AUG', 'CUG', 'AAA', 'CGC', 'GAG', 'AGA', 'AAC', 'CGC', 'GUG', 'UCG', 'ACU', 'GUG', 'CAA', 'CAG', 'CUG', 'ACA', 'AAG', 'AGA', 'UUC', 'UCA', 'CUU', 'GGA', 'AUG', 'CUG', 'CAA', 'GGA', 'CGA', 'GGA', 'CCA', 'UUA', 'AAA', 'CUG', 'UUC', 'AUG', 'GCC', 'CUU', 'GUG', 'GCG', 'UUC', 'CUU', 'CGU', 'UUC', 'CUA', 'ACA', 'AUC', 'CCA', 'CCA', 'ACA', 'GCA', 'GGG', 'AUA', 'CUG', 'AAA', 'AGA', 'UGG', 'GGA', 'ACG', 'AUC', 'AAA', 'AAA', 'UCA', 'AAA', 'GCU', 'AUC', 'AAU', 'GUU', 'UUG', 'AGA', 'GGG', 'UUC', 'AGG', 'AAA', 'GAG', 'AUU', 'GGA', 'AGG', 'AUG', 'CUG', 'AAC', 'AUC', 'UUG', 'AAC', 'AGG', 'AGA', 'CGC', 'AGG', 'ACA', 'GCA', 'GGC', 'GUG', 'AUU', 'AUU', 'AUG', 'UUA', 'AUU', 'CCA', 'ACA', 'GCG', 'AUG', 'GCG']",2,Severa,Severa
"['AUG', 'AAU', 'AAC', 'CAA', 'CGG', 'AAA', 'AAG', 'GCG', 'AGA', 'AGU', 'ACG', 'CCU', 'UUC', 'AAU', 'AUG', 'CUG', 'AAA', 'CGC', 'GAG', 'AGA', 'AAC', 'CGC', 'GUG', 'UCG', 'ACU', 'GUG', 'CAA', 'CAG', 'CUG', 'ACA', 'AAG', 'AGA', 'UUC', 'UCA', 'CUU', 'GGA', 'AUG', 'CUG', 'CAA', 'GGA', 'CGA', 'GGA', 'CCA', 'UUA', 'AAA', 'CUG', 'UUC', 'AUG', 'GCC', 'CUU', 'GUG', 'GCG', 'UUC', 'CUU', 'CGU', 'UUC', 'CUA', 'ACA', 'AUC', 'CCA', 'CCA', 'ACA', 'GCA', 'GGG', 'AUA', 'CUG', 'AAA', 'AGA', 'UGG', 'GGA', 'ACG', 'AUC', 'AAA', 'AAA', 'UCA', 'AAA', 'GCU', 'AUC', 'AAU', 'GUU', 'UUG', 'AGA', 'GGG', 'UUC', 'AGG', 'AAA', 'GAG', 'AUU', 'GGA', 'AGG', 'AUG', 'CUG', 'AAC', 'AUC', 'UUG', 'AAC', 'AGG', 'AGA', 'CGC', 'AGG', 'ACA', 'GUA', 'GGC', 'GUG', 'AUU', 'AUU', 'AUG', 'UUG', 'AUU', 'CCA', 'ACA', 'GCG', 'AUG', 'GCG']",2,Severa,Severa
"['AUG', 'AAU', 'AAC', 'CAA', 'CGG', 'AAA', 'AAG', 'GCG', 'AGA', 'AGU', 'ACG', 'CCU', 'UUC', 'AAU', 'AUG', 'CUG', 'AAA', 'CGC', 'GAG', 'AGA', 'AAC', 'CGC', 'GUG', 'UCG', 'ACU', 'GUG', 'CAA', 'CAG', 'CUG', 'ACA', 'AAG', 'AGA', 'UUC', 'UCA', 'CUU', 'GGA', 'AUG', 'CUG', 'CAA', 'GGA', 'CGA', 'GGA', 'CCA', 'UUA', 'AAA', 'CUG', 'UUC', 'AUG', 'GCC', 'CUU', 'GUG', 'GCG', 'UUC', 'CUU', 'CGU', 'UUC', 'CUA', 'ACA', 'AUC', 'CCA', 'CCA', 'ACA', 'GCA', 'GGG', 'AUA', 'CUG', 'AAA', 'AGA', 'UGG', 'GGA', 'ACG', 'AUU', 'AAA', 'AAA', 'UCA', 'AAA', 'GCU', 'AUC', 'AAU', 'GUU', 'UUG', 'AGA', 'GGG', 'UUC', 'AGA', 'AAA', 'GAG', 'AUU', 'GGA', 'AGA', 'AUG', 'CUG', 'AAC', 'AUC', 'UUG', 'AAC', 'AGG', 'AGA', 'CGC', 'AGG', 'ACA', 'GCA', 'GGC', 'GUG', 'AUU', 'GUU', 'AUG', 'UUG', 'AUU', 'CCA', 'ACA', 'GCG', 'AUG', 'GCG']",2,Classica,Classica
"['AUG', 'AAU', 'AAC', 'CAA', 'CGG', 'AAA', 'AAG', 'GCG', 'CGA', 'AAU', 'ACG', 'CCU', 'UUC', 'AAU', 'AUG', 'CUG', 'AAA', 'CGC', 'GAG', 'AGA', 'AAC', 'CGC', 'GUG', 'UCA', 'ACU', 'GUG', 'CAA', 'CAG', 'CUG', 'ACA', 'AAG', 'AGA', 'UUC', 'UCA', 'CUU', 'GGA', 'AUG', 'CUG', 'CAG', 'GGA', 'CGA', 'GGA', 'CCG', 'UUG', 'AAA', 'CUG', 'UUC', 'AUG', 'GCC', 'UUA', 'GUG', 'GCA', 'UUC', 'CUU', 'CGU', 'UUC', 'CUA', 'ACA', 'AUC', 'CCA', 'CCA', 'ACA', 'GCA', 'GGG', 'AUA', 'CUG', 'AAA', 'AGA', 'UGG', 'GGA', 'ACG', 'AUU', 'AAA', 'AAG', 'UCA', 'AAG', 'GCC', 'AUC', 'AAU', 'GUC', 'UUG', 'AGA', 'GGG', 'UUC', 'AGG', 'AAA', 'GAG', 'AUU', 'GGA', 'AGG', 'AUG', 'UUG', 'AAC', 'AUC', 'UUG', 'AAU', 'AGG', 'AGA', 'CGC', 'AGA', 'ACU', 'GCA', 'GGC', 'GUG', 'AUC', 'AUC', 'AUG', 'CUA', 'AUU', 'CCA', 'ACA', 'GCG', 'AUG', 'GCU']",2,Severa,Severa
"['AUG', 'AAU', 'GAC', 'CAA', 'CGA', 'AAA', 'AAG', 'GCG', 'AGA', 'AGU', 'ACG', 'CCU', 'UUC', 'AAU', 'AUG', 'CUG', 'AAA', 'CGC', 'GAG', 'AGA', 'AAC', 'CGC', 'GUG', 'UCA', 'ACU', 'GUG', 'CAA', 'CAG', 'UUG', 'ACA', 'AAG', 'AGA', 'UUC', 'UCA', 'CUU', 'GGA', 'AUG', 'CUG', 'CAA', 'GGA', 'CGA', 'GGA', 'CCA', 'UUA', 'AAA', 'CUG', 'UUC', 'AUG', 'GCC', 'CUU', 'GUG', 'GCG', 'UUC', 'CUU', 'CGU', 'UUC', 'CUA', 'ACA', 'AUC', 'CCA', 'CCA', 'ACA', 'GCA', 'GGG', 'AUA', 'CUG', 'AAA', 'AGA', 'UGG', 'GGA', 'ACG', 'AUC', 'AAA', 'AAA', 'UCA', 'AAA', 'GCU', 'AUC', 'AAU', 'GUU', 'UUG', 'AGA', 'GGG', 'UUC', 'AGG', 'AAA', 'GAG', 'AUU', 'GGA', 'AGG', 'AUG', 'CUG', 'AAC', 'AUC', 'UUA', 'AAU', 'AGG', 'AGA', 'CGC', 'AGG', 'ACA', 'GCA', 'GGC', 'GUG', 'AUU', 'AUU', 'AUG', 'UUG', 'AUU', 'CCA', 'ACA', 'GUG', 'AUG', 'GCG']",2,Severa,Severa
"['AUG', 'AAU', 'GAC', 'CAA', 'CGA', 'AAA', 'AAG', 'GCG', 'AGA', 'AGU', 'ACG', 'CCU', 'UUC', 'AAU', 'AUG', 'CUG', 'AAG', 'CGC', 'GAG', 'AGA', 'AAC', 'CGC', 'GUG', 'UCA', 'ACU', 'GUA', 'CAA', 'CAG', 'CUG', 'ACA', 'AAG', 'AGA', 'UUC', 'UCC', 'CUU', 'GGA', 'AUG', 'CUG', 'CAA', 'GGG', 'CGA', 'GGA', 'CCA', 'UUA', 'AAA', 'CUG', 'UUC', 'AUG', 'GCG', 'CUU', 'GUG', 'GCG', 'UUC', 'CUU', 'CGU', 'UUC', 'CUA', 'ACA', 'AUC', 'CCA', 'CCA', 'ACA', 'GCA', 'GGG', 'AUA', 'CUG', 'AAA', 'AGA', 'UGG', 'GGA', 'ACG', 'AUC', 'AAA', 'AAA', 'UCA', 'AAA', 'GCU', 'AUC', 'AAU', 'GUU', 'UUG', 'AGA', 'GGG', 'UUC', 'AGG', 'AAA', 'GAG', 'AUU', 'GGA', 'AGG', 'AUG', 'CUG', 'AAC', 'AUC', 'UUA', 'AAU', 'AGG', 'AGA', 'CGC', 'AGG', 'ACA', 'GCA', 'GGC', 'GUG', 'AUU', 'AUU', 'AUG', 'UUG', 'AUU', 'CCA', 'ACA', 'GUG', 'AUG', 'GCG']",2,Severa,Severa
